seasonType,eventId,teamId,homeAway,winner,formation,active,starter,jersey,athleteId,athleteDisplayName,position,formationPlace,subbedIn,subbedInForAthleteId,subbedInForAthleteJersey,subInAthleteId,subInClockValue,subInDisplayClock,subbedOut,subbedOutForAthleteId,subbedOutForAthleteJersey,subOutAthleteId,subOutClockValue,subOutDisplayClock,updateTime
13808,760659,20853,home,1,4-4-2,1,1,30,240453,Farid Chaâl,Goalkeeper,1,0,0,-1,,,,0,0,-1,,,,2025-11-23 06:08:08
13808,760659,20853,home,1,4-4-2,1,1,3,284726,Houcine Benayada,Right Back,2,0,0,-1,,,,0,0,-1,,,,2025-11-23 06:08:08
13808,760659,20853,home,1,4-4-2,1,1,21,315400,Youcef Laouafi,Left Back,3,0,0,-1,,,,0,0,-1,,,,2025-11-23 06:08:08
13808,760659,20853,home,1,4-4-2,1,1,15,313793,Housseyn Selmi,Center Right Midfielder,4,0,0,-1,,,,1,396852,29,396852.0,4260.0,71',2025-11-23 06:08:08
13808,760659,20853,home,1,4-4-2,1,1,2,313789,Chouaib Keddad,Center Right Defender,5,0,0,-1,,,,0,0,-1,,,,2025-11-23 06:08:08
13808,760659,20853,home,1,4-4-2,1,1,4,396851,Abderrahmane Bekkour,Center Left Defender,6,0,0,-1,,,,0,0,-1,,,,2025-11-23 06:08:08
13808,760659,20853,home,1,4-4-2,1,1,7,397040,Abdennour Belhocini,Right Midfielder,7,0,0,-1,,,,1,313802,22,313802.0,4260.0,71',2025-11-23 06:08:08
13808,760659,20853,home,1,4-4-2,1,1,8,240454,Raouf Benguit,Center Left Midfielder,8,0,0,-1,,,,0,0,-1,,,,2025-11-23 06:08:08
13808,760659,20853,home,1,4-4-2,1,1,10,222605,Endri Cekici,Center Left Forward,9,0,0,-1,,,,1,414901,5,414901.0,4860.0,81',2025-11-23 06:08:08
13808,760659,20853,home,1,4-4-2,1,1,13,396853,Lotfi Boussouar,Center Right Forward,10,0,0,-1,,,,1,302508,20,302508.0,3960.0,66',2025-11-23 06:08:08
13808,760659,20853,home,1,4-4-2,1,1,28,272011,Farid El Mellali,Left Midfielder,11,0,0,-1,,,,1,240447,11,240447.0,3960.0,66',2025-11-23 06:08:08
13808,760659,20853,home,1,4-4-2,1,0,11,240447,Ben Tahar Meziane,Substitute,0,1,272011,28,272011.0,3960.0,66',0,0,-1,,,,2025-11-23 06:08:08
13808,760659,20853,home,1,4-4-2,1,0,17,414902,Islam Abbaci,Substitute,0,0,0,-1,,,,0,0,-1,,,,2025-11-23 06:08:08
13808,760659,20853,home,1,4-4-2,1,0,5,414901,Abdelmalek Kelaleche,Substitute,0,1,222605,10,222605.0,4860.0,81',0,0,-1,,,,2025-11-23 06:08:08
13808,760659,20853,home,1,4-4-2,1,0,14,414899,Oussama Benkihoul,Substitute,0,0,0,-1,,,,0,0,-1,,,,2025-11-23 06:08:08
13808,760659,20853,home,1,4-4-2,1,0,29,396852,Bilal Boukerchaoui,Substitute,0,1,313793,15,313793.0,4260.0,71',0,0,-1,,,,2025-11-23 06:08:08
13808,760659,20853,home,1,4-4-2,1,0,25,335434,Younes Abdelhak Ouassa,Substitute,0,0,0,-1,,,,0,0,-1,,,,2025-11-23 06:08:08
13808,760659,20853,home,1,4-4-2,1,0,22,313802,Mohamed Islam Belkhir,Substitute,0,1,397040,7,397040.0,4260.0,71',0,0,-1,,,,2025-11-23 06:08:08
13808,760659,20853,home,1,4-4-2,1,0,20,302508,Mohamed Ali Hamouda,Substitute,0,1,396853,13,396853.0,3960.0,66',0,0,-1,,,,2025-11-23 06:08:08
13808,760659,20853,home,1,4-4-2,1,0,16,285660,Mohamed Mokhtar,Substitute,0,0,0,-1,,,,0,0,-1,,,,2025-11-23 06:08:08
13808,760659,131549,away,0,4-4-2,1,1,30,401613,Hussein Masaranga,Goalkeeper,1,0,0,-1,,,,0,0,-1,,,,2025-11-23 06:08:08
13808,760659,131549,away,0,4-4-2,1,1,21,377176,Andé Cirille,Right Back,2,0,0,-1,,,,0,0,-1,,,,2025-11-23 06:08:08
13808,760659,131549,away,0,4-4-2,1,1,3,308619,Nickson Kibabage,Left Back,3,0,0,-1,,,,1,255187,40,255187.0,5160.0,86',2025-11-23 06:08:08
13808,760659,131549,away,0,4-4-2,1,1,32,414892,Mohamed Damaro,Center Right Midfielder,4,0,0,-1,,,,0,0,-1,,,,2025-11-23 06:08:08
13808,760659,131549,away,0,4-4-2,1,1,11,359079,Morice Chukwu,Center Right Defender,5,0,0,-1,,,,0,0,-1,,,,2025-11-23 06:08:08
13808,760659,131549,away,0,4-4-2,1,1,13,335602,Anthony Tra Bi Tra,Center Left Defender,6,0,0,-1,,,,0,0,-1,,,,2025-11-23 06:08:08
13808,760659,131549,away,0,4-4-2,1,1,6,414897,Emmanuel Keyekeh,Right Midfielder,7,0,0,-1,,,,0,0,-1,,,,2025-11-23 06:08:08
13808,760659,131549,away,0,4-4-2,1,1,4,384458,Khalid Habibu,Center Left Midfielder,8,0,0,-1,,,,1,414898,20,414898.0,2700.0,45',2025-11-23 06:08:08
13808,760659,131549,away,0,4-4-2,1,1,10,294700,Marouf Tchakei,Center Left Forward,9,0,0,-1,,,,1,359115,9,359115.0,4320.0,72',2025-11-23 06:08:08
13808,760659,131549,away,0,4-4-2,1,1,39,308440,Elvis Baranga Rupia,Center Right Forward,10,0,0,-1,,,,1,345445,15,345445.0,4320.0,72',2025-11-23 06:08:08
13808,760659,131549,away,0,4-4-2,1,1,17,233057,Clatous Chama,Left Midfielder,11,0,0,-1,,,,0,0,-1,,,,2025-11-23 06:08:08
13808,760659,131549,away,0,4-4-2,1,0,27,273106,Deus Kaseke David,Substitute,0,0,0,-1,,,,0,0,-1,,,,2025-11-23 06:08:08
13808,760659,131549,away,0,4-4-2,1,0,20,414898,Idriss Diomande,Substitute,0,1,384458,4,384458.0,2700.0,45',0,0,-1,,,,2025-11-23 06:08:08
13808,760659,131549,away,0,4-4-2,1,0,40,255187,Gadiel Kamagi,Substitute,0,1,308619,3,308619.0,5160.0,86',0,0,-1,,,,2025-11-23 06:08:08
13808,760659,131549,away,0,4-4-2,1,0,29,384460,Mukrim Issa,Substitute,0,0,0,-1,,,,0,0,-1,,,,2025-11-23 06:08:08
13808,760659,131549,away,0,4-4-2,1,0,12,376934,Amas Obasogie,Substitute,0,0,0,-1,,,,0,0,-1,,,,2025-11-23 06:08:08
13808,760659,131549,away,0,4-4-2,1,0,9,359115,Horso Mwaku,Substitute,0,1,294700,10,294700.0,4320.0,72',0,0,-1,,,,2025-11-23 06:08:08
13808,760659,131549,away,0,4-4-2,1,0,15,345445,Lamine Diadhiou,Substitute,0,1,308440,39,308440.0,4320.0,72',0,0,-1,,,,2025-11-23 06:08:08
13808,760659,131549,away,0,4-4-2,1,0,22,332398,Kelvin Kijiri,Substitute,0,0,0,-1,,,,0,0,-1,,,,2025-11-23 06:08:08
13808,760659,131549,away,0,4-4-2,1,0,26,313917,Kennedy Juma,Substitute,0,0,0,-1,,,,0,0,-1,,,,2025-11-23 06:08:08
13808,760660,19220,home,0,4-2-3-1,1,1,30,414928,Wilfried Kouassi,Goalkeeper,1,0,0,-1,,,,0,0,-1,,,,2025-11-29 06:12:44
13808,760660,19220,home,0,4-2-3-1,1,1,2,346788,Modibo Camara,Right Back,2,0,0,-1,,,,0,0,-1,,,,2025-11-29 06:12:44
13808,760660,19220,home,0,4-2-3-1,1,1,15,396764,Alou Doumbia,Left Back,3,0,0,-1,,,,0,0,-1,,,,2025-11-29 06:12:44
13808,760660,19220,home,0,4-2-3-1,1,1,13,354650,Boubacar Keita,Left Midfielder,4,0,0,-1,,,,1,228553,24,228553.0,4920.0,82',2025-11-29 06:12:44
13808,760660,19220,home,0,4-2-3-1,1,1,5,412286,Bakary Traoré,Center Right Defender,5,0,0,-1,,,,0,0,-1,,,,2025-11-29 06:12:44
13808,760660,19220,home,0,4-2-3-1,1,1,4,358962,Boulkassoum Diarra,Center Left Defender,6,0,0,-1,,,,0,0,-1,,,,2025-11-29 06:12:44
13808,760660,19220,home,0,4-2-3-1,1,1,17,414969,Keffa Tangara,Attacking Midfielder Right,7,0,0,-1,,,,1,345775,26,345775.0,2700.0,45',2025-11-29 06:12:44
13808,760660,19220,home,0,4-2-3-1,1,1,8,414947,Raye Cissé,Right Midfielder,8,0,0,-1,,,,0,0,-1,,,,2025-11-29 06:12:44
13808,760660,19220,home,0,4-2-3-1,1,1,25,396793,Seydou Diabate,Forward,9,0,0,-1,,,,1,414968,14,414968.0,4860.0,81',2025-11-29 06:12:44
13808,760660,19220,home,0,4-2-3-1,1,1,6,381138,Ange Manzan,Attacking Midfielder,10,0,0,-1,,,,1,396773,12,396773.0,2700.0,45',2025-11-29 06:12:44
13808,760660,19220,home,0,4-2-3-1,1,1,7,396766,Aboubacar Sidibé,Attacking Midfielder Left,11,0,0,-1,,,,1,396794,9,396794.0,4560.0,76',2025-12-10 06:01:41
13808,760660,19220,home,0,4-2-3-1,1,0,29,287431,Clement Kanoute,Substitute,0,0,0,-1,,,,0,0,-1,,,,2025-11-29 06:12:44
13808,760660,19220,home,0,4-2-3-1,1,0,14,414968,Adama Traoré,Substitute,0,1,396793,25,396793.0,4860.0,81',0,0,-1,,,,2025-11-29 06:12:44
13808,760660,19220,home,0,4-2-3-1,1,0,24,228553,Bourama Diallo,Substitute,0,1,354650,13,354650.0,4920.0,82',0,0,-1,,,,2025-11-29 06:12:44
13808,760660,19220,home,0,4-2-3-1,1,0,9,396794,Youssouf Simpara,Substitute,0,1,396766,7,396766.0,4560.0,76',0,0,-1,,,,2025-11-29 06:12:44
13808,760660,19220,home,0,4-2-3-1,1,0,12,396773,Amadou Soumaré,Substitute,0,1,381138,6,381138.0,2700.0,45',0,0,-1,,,,2025-11-29 06:12:44
13808,760660,19220,home,0,4-2-3-1,1,0,3,238440,Aly Keita,Substitute,0,0,0,-1,,,,0,0,-1,,,,2025-11-29 06:12:44
13808,760660,19220,home,0,4-2-3-1,1,0,31,358968,Mady Dembele,Substitute,0,0,0,-1,,,,0,0,-1,,,,2025-11-29 06:12:44
13808,760660,19220,home,0,4-2-3-1,1,0,26,345775,Adama Samake,Substitute,0,1,414969,17,414969.0,2700.0,45',0,0,-1,,,,2025-11-29 06:12:44
13808,760660,19220,home,0,4-2-3-1,1,0,16,396911,Solomane Coulibaly,Substitute,0,0,0,-1,,,,0,0,-1,,,,2025-11-29 06:12:44
13808,760660,131550,away,1,4-2-3-1,1,1,12,299625,Hamza Hamiani Akbi,Goalkeeper,1,0,0,-1,,,,0,0,-1,,,,2025-11-25 02:43:42
13808,760660,131550,away,1,4-2-3-1,1,1,31,265226,Hamza Semmoumy,Right Back,2,0,0,-1,,,,1,415011,2,415011.0,4500.0,75',2025-11-25 02:43:42
13808,760660,131550,away,1,4-2-3-1,1,1,27,415016,Saad El Morsli,Left Back,3,0,0,-1,,,,0,0,-1,,,,2025-11-25 02:43:42
13808,760660,131550,away,1,4-2-3-1,1,1,23,415017,Walid Rhailouf,Left Midfielder,4,0,0,-1,,,,0,0,-1,,,,2025-11-25 02:43:42
13808,760660,131550,away,1,4-2-3-1,1,1,8,415012,Faraji Karmoune,Center Right Defender,5,0,0,-1,,,,0,0,-1,,,,2025-11-25 02:43:42
13808,760660,131550,away,1,4-2-3-1,1,1,15,415019,Yassine Kordani,Center Left Defender,6,0,0,-1,,,,0,0,-1,,,,2025-11-25 02:43:42
13808,760660,131550,away,1,4-2-3-1,1,1,5,408157,Salaheddine Errahouli,Attacking Midfielder Right,7,0,0,-1,,,,1,415007,10,415007.0,4080.0,68',2025-11-29 06:12:44
13808,760660,131550,away,1,4-2-3-1,1,1,4,251742,Fred Ngoma,Right Midfielder,8,0,0,-1,,,,0,0,-1,,,,2025-11-25 02:43:42
13808,760660,131550,away,1,4-2-3-1,1,1,9,335697,Charki El Bahri,Forward,9,0,0,-1,,,,1,219522,14,219522.0,5100.0,85',2025-11-25 02:43:42
13808,760660,131550,away,1,4-2-3-1,1,1,6,313923,Sofian El Moudane,Attacking Midfielder,10,0,0,-1,,,,1,284519,11,284519.0,4560.0,76',2025-11-25 02:43:42
13808,760660,131550,away,1,4-2-3-1,1,1,18,323705,Karim L'Koucha,Attacking Midfielder Left,11,0,0,-1,,,,1,415009,30,415009.0,4560.0,76',2025-11-29 06:12:44
13808,760660,131550,away,1,4-2-3-1,1,0,10,415007,Abderrahmane Kassak,Substitute,0,1,408157,5,408157.0,4080.0,68',0,0,-1,,,,2025-11-25 02:43:42
13808,760660,131550,away,1,4-2-3-1,1,0,20,415014,Moriba Traoré,Substitute,0,0,0,-1,,,,0,0,-1,,,,2025-11-25 02:43:42
13808,760660,131550,away,1,4-2-3-1,1,0,2,415011,Anas Soufeir,Substitute,0,1,265226,31,265226.0,4500.0,75',0,0,-1,,,,2025-11-25 02:43:42
13808,760660,131550,away,1,4-2-3-1,1,0,30,415009,Anas Mkhair,Substitute,0,1,323705,18,323705.0,4560.0,76',0,0,-1,,,,2025-11-25 02:43:42
13808,760660,131550,away,1,4-2-3-1,1,0,1,415008,Abderrahmane Kernane,Substitute,0,0,0,-1,,,,0,0,-1,,,,2025-11-25 02:43:42
13808,760660,131550,away,1,4-2-3-1,1,0,21,181543,Mohamed Chemlal,Substitute,0,0,0,-1,,,,0,0,-1,,,,2025-11-25 02:43:42
13808,760660,131550,away,1,4-2-3-1,1,0,11,284519,Marwane Elaz,Substitute,0,1,313923,6,313923.0,4560.0,76',0,0,-1,,,,2025-11-25 02:43:42
13808,760660,131550,away,1,4-2-3-1,1,0,14,219522,Moussa Koné,Substitute,0,1,335697,9,335697.0,5100.0,85',0,0,-1,,,,2025-11-25 02:43:42
13808,760660,131550,away,1,4-2-3-1,1,0,7,415010,Anas Samoudi,Substitute,0,0,0,-1,,,,0,0,-1,,,,2025-11-25 02:43:42
13808,760661,22429,home,1,3-5-2,1,1,30,287437,Detan Ogundare,Goalkeeper,1,0,0,-1,,,,0,0,-1,,,,2025-11-25 02:43:42
13808,760661,22429,home,1,3-5-2,1,1,20,396822,Jeancy Mboma,Right Midfielder,2,0,0,-1,,,,1,396815,13,396815.0,5160.0,86',2025-11-25 02:43:42
13808,760661,22429,home,1,3-5-2,1,1,3,396803,Jeancy Mpindi,Left Midfielder,3,0,0,-1,,,,0,0,-1,,,,2025-11-25 02:43:42
13808,760661,22429,home,1,3-5-2,1,1,23,396824,Exaucia Moanda,Center Left Defender,4,0,0,-1,,,,0,0,-1,,,,2025-11-25 02:43:42
13808,760661,22429,home,1,3-5-2,1,1,25,396826,Osée Ndombele,Center Defender,5,0,0,-1,,,,0,0,-1,,,,2025-11-25 02:43:42
13808,760661,22429,home,1,3-5-2,1,1,15,396817,Lupini Dieumerci,Center Right Defender,6,0,0,-1,,,,0,0,-1,,,,2025-11-25 02:43:42
13808,760661,22429,home,1,3-5-2,1,1,14,414907,Jeampy Kabamba,Center Right Midfielder,7,0,0,-1,,,,1,359119,12,359119.0,3660.0,61',2025-11-25 02:43:42
13808,760661,22429,home,1,3-5-2,1,1,11,396814,Obed Mbala,Center Left Midfielder,8,0,0,-1,,,,1,396829,28,396829.0,4080.0,68',2025-11-25 02:43:42
13808,760661,22429,home,1,3-5-2,1,1,24,396825,Christian Balako,Center Left Forward,9,0,0,-1,,,,1,407824,7,407824.0,4080.0,68',2025-11-25 02:43:42
13808,760661,22429,home,1,3-5-2,1,1,10,312746,Clement Pitroipa,Center Right Forward,10,0,0,-1,,,,1,415053,5,415053.0,5100.0,85',2025-11-25 02:43:42
13808,760661,22429,home,1,3-5-2,1,1,8,396797,Onoya Sangana,Attacking Midfielder,11,0,0,-1,,,,0,0,-1,,,,2025-11-25 02:43:42
13808,760661,22429,home,1,3-5-2,1,0,28,396829,Chadoma Mukeni,Substitute,0,1,396814,11,396814.0,4080.0,68',0,0,-1,,,,2025-11-25 02:43:42
13808,760661,22429,home,1,3-5-2,1,0,19,414906,Barclet Bakadi,Substitute,0,0,0,-1,,,,0,0,-1,,,,2025-11-25 02:43:42
13808,760661,22429,home,1,3-5-2,1,0,17,414908,Junior Lombangi,Substitute,0,0,0,-1,,,,0,0,-1,,,,2025-11-25 02:43:42
13808,760661,22429,home,1,3-5-2,1,0,5,415053,Christopher Mambote,Substitute,0,1,312746,10,312746.0,5100.0,85',0,0,-1,,,,2025-11-25 02:43:42
13808,760661,22429,home,1,3-5-2,1,0,13,396815,Abedi Bokomboli,Substitute,0,1,396822,20,396822.0,5160.0,86',0,0,-1,,,,2025-11-25 02:43:42
13808,760661,22429,home,1,3-5-2,1,0,1,396802,Nathan Mobaelua,Substitute,0,0,0,-1,,,,0,0,-1,,,,2025-11-25 02:43:42
13808,760661,22429,home,1,3-5-2,1,0,27,396800,Lucien Joël,Substitute,0,0,0,-1,,,,0,0,-1,,,,2025-11-25 02:43:42
13808,760661,22429,home,1,3-5-2,1,0,7,407824,Silva Tshitenge,Substitute,0,1,396825,24,396825.0,4080.0,68',0,0,-1,,,,2025-11-25 02:43:42
13808,760661,22429,home,1,3-5-2,1,0,12,359119,Jeancy Lita,Substitute,0,1,414907,14,414907.0,3660.0,61',0,0,-1,,,,2025-11-25 02:43:42
13808,760661,131551,away,0,4-2-3-1,1,1,28,369512,Zuberi Masudi,Goalkeeper,1,0,0,-1,,,,0,0,-1,,,,2025-11-25 02:43:42
13808,760661,131551,away,0,4-2-3-1,1,1,5,329341,Lusajo Mwaikenda,Right Back,2,0,0,-1,,,,0,0,-1,,,,2025-11-25 02:43:42
13808,760661,131551,away,0,4-2-3-1,1,1,12,384838,Pascal Gaudence Msindo,Left Back,3,0,0,-1,,,,0,0,-1,,,,2025-11-25 02:43:42
13808,760661,131551,away,0,4-2-3-1,1,1,35,254480,Himid Mao,Left Midfielder,4,0,0,-1,,,,1,374524,29,374524.0,5100.0,85',2025-11-25 02:43:42
13808,760661,131551,away,0,4-2-3-1,1,1,3,357424,Yoro Diaby,Center Right Defender,5,0,0,-1,,,,0,0,-1,,,,2025-11-25 02:43:42
13808,760661,131551,away,0,4-2-3-1,1,1,24,414905,Yeison Fuentes,Center Left Defender,6,0,0,-1,,,,0,0,-1,,,,2025-11-25 02:43:42
13808,760661,131551,away,0,4-2-3-1,1,1,9,284630,Abdul Sopu,Attacking Midfielder Right,7,0,0,-1,,,,0,0,-1,,,,2025-11-25 02:43:42
13808,760661,131551,away,0,4-2-3-1,1,1,21,410100,Yahya Omary,Right Midfielder,8,0,0,-1,,,,1,318700,8,318700.0,2700.0,45',2025-11-25 02:43:42
13808,760661,131551,away,0,4-2-3-1,1,1,30,276798,Kitambala Jefu,Forward,9,0,0,-1,,,,1,232804,18,232804.0,5400.0,90'+1',2025-11-25 02:43:42
13808,760661,131551,away,0,4-2-3-1,1,1,6,272019,Feisal Salum,Attacking Midfielder,10,0,0,-1,,,,0,0,-1,,,,2025-11-25 02:43:42
13808,760661,131551,away,0,4-2-3-1,1,1,23,329516,Iddi Selemani,Attacking Midfielder Left,11,0,0,-1,,,,1,398181,7,398181.0,5040.0,84',2025-11-25 02:43:42
13808,760661,131551,away,0,4-2-3-1,1,0,7,398181,Zidane Sereri,Substitute,0,1,329516,23,329516.0,5040.0,84',0,0,-1,,,,2025-11-25 02:43:42
13808,760661,131551,away,0,4-2-3-1,1,0,40,414904,Ahoutou Zouzou,Substitute,0,0,0,-1,,,,0,0,-1,,,,2025-11-25 02:43:42
13808,760661,131551,away,0,4-2-3-1,1,0,22,396757,Taieb Ben Zitoun,Substitute,0,0,0,-1,,,,0,0,-1,,,,2025-11-25 02:43:42
13808,760661,131551,away,0,4-2-3-1,1,0,8,318700,Sadio Kanoute,Substitute,0,1,410100,21,410100.0,2700.0,45',0,0,-1,,,,2025-11-25 02:43:42
13808,760661,131551,away,0,4-2-3-1,1,0,20,332397,Nathaniel Chilambo,Substitute,0,0,0,-1,,,,0,0,-1,,,,2025-11-25 02:43:42
13808,760661,131551,away,0,4-2-3-1,1,0,2,301000,James Akaminko,Substitute,0,0,0,-1,,,,0,0,-1,,,,2025-11-25 02:43:42
13808,760661,131551,away,0,4-2-3-1,1,0,18,232804,Cheickna Diakité,Substitute,0,1,276798,30,276798.0,5400.0,90'+1',0,0,-1,,,,2025-11-25 02:43:42
13808,760661,131551,away,0,4-2-3-1,1,0,32,230425,Aishi Manula,Substitute,0,0,0,-1,,,,0,0,-1,,,,2025-11-25 02:43:42
13808,760661,131551,away,0,4-2-3-1,1,0,29,374524,Nassor Saadun,Substitute,0,1,254480,35,254480.0,5100.0,85',0,0,-1,,,,2025-11-25 02:43:42
13808,760662,8392,home,1,4-3-3,1,1,1,205211,Mohamed Awad,Goalkeeper,1,0,0,-1,,,,0,0,-1,,,,2025-11-25 02:43:42
13808,760662,8392,home,1,4-3-3,1,1,4,163194,Omar Gaber,Right Back,2,0,0,-1,,,,0,0,-1,,,,2025-11-25 02:43:42
13808,760662,8392,home,1,4-3-3,1,1,13,265176,Ahmed Fatouh,Left Back,3,0,0,-1,,,,0,0,-1,,,,2025-11-25 02:43:42
13808,760662,8392,home,1,4-3-3,1,1,8,287177,Nabil Emad,Center Midfielder,4,0,0,-1,,,,1,382438,6,382438.0,5220.0,87',2025-11-25 02:43:42
13808,760662,8392,home,1,4-3-3,1,1,8,287177,Nabil Emad,Center Midfielder,4,0,0,-1,,,,1,382438,6,382438.0,4140.0,69',2025-11-25 02:43:42
13808,760662,8392,home,1,4-3-3,1,1,28,187546,Mahmoud El-Wensh,Center Right Defender,5,0,0,-1,,,,0,0,-1,,,,2025-11-25 02:43:42
13808,760662,8392,home,1,4-3-3,1,1,5,308926,Hossam Abdelmaguid,Center Left Defender,6,0,0,-1,,,,0,0,-1,,,,2025-11-25 02:43:42
13808,760662,8392,home,1,4-3-3,1,1,17,380180,Mohamed Shehata,Right Midfielder,7,0,0,-1,,,,0,0,-1,,,,2025-11-25 02:43:42
13808,760662,8392,home,1,4-3-3,1,1,22,256060,Nasser Maher,Left Midfielder,8,0,0,-1,,,,1,256996,32,256996.0,5220.0,87',2025-11-25 02:43:42
13808,760662,8392,home,1,4-3-3,1,1,30,232612,Seifeddine Jaziri,Forward,9,0,0,-1,,,,1,280495,27,280495.0,4140.0,69',2025-11-25 02:43:42
13808,760662,8392,home,1,4-3-3,1,1,33,357322,Juan Alvina Bezerra,Right Forward,10,0,0,-1,,,,0,0,-1,,,,2025-11-25 02:43:42
13808,760662,8392,home,1,4-3-3,1,1,31,414440,Ahmed Sherif,Left Forward,11,0,0,-1,,,,1,181153,19,181153.0,3660.0,61',2025-11-25 02:43:42
13808,760662,8392,home,1,4-3-3,1,0,6,382438,Mahmoud Gehad,Substitute,0,1,287177,8,287177.0,4140.0,69',1,332390,18,332390.0,5220.0,87',2025-11-25 02:43:42
13808,760662,8392,home,1,4-3-3,1,0,29,414438,Amr Nasser,Substitute,0,0,0,-1,,,,0,0,-1,,,,2025-11-25 02:43:42
13808,760662,8392,home,1,4-3-3,1,0,32,256996,Chico Banza,Substitute,0,1,256060,22,256060.0,5220.0,87',0,0,-1,,,,2025-11-25 02:43:42
13808,760662,8392,home,1,4-3-3,1,0,27,280495,Oday Dabbagh,Substitute,0,1,232612,30,232612.0,4140.0,69',0,0,-1,,,,2025-11-25 02:43:42
13808,760662,8392,home,1,4-3-3,1,0,16,299364,Mohamed Sobhy,Substitute,0,0,0,-1,,,,0,0,-1,,,,2025-11-25 02:43:42
13808,760662,8392,home,1,4-3-3,1,0,18,332390,Adam Kaied,Substitute,0,1,382438,6,382438.0,4140.0,69',0,0,-1,,,,2025-11-25 02:43:42
13808,760662,8392,home,1,4-3-3,1,0,18,332390,Adam Kaied,Substitute,0,1,382438,6,382438.0,5220.0,87',0,0,-1,,,,2025-11-25 02:43:42
13808,760662,8392,home,1,4-3-3,1,0,23,376341,Abdel Maâli,Substitute,0,0,0,-1,,,,0,0,-1,,,,2025-11-25 02:43:42
13808,760662,8392,home,1,4-3-3,1,0,38,385156,Baron Ochieng,Substitute,0,0,0,-1,,,,0,0,-1,,,,2025-11-25 02:43:42
13808,760662,8392,home,1,4-3-3,1,0,19,181153,Abdallah Said,Substitute,0,1,414440,31,414440.0,3660.0,61',0,0,-1,,,,2025-11-25 02:43:42
13808,760662,8063,away,0,4-2-3-1,1,1,40,414974,Philip Sakauta,Goalkeeper,1,0,0,-1,,,,0,0,-1,,,,2025-11-29 06:12:44
13808,760662,8063,away,0,4-2-3-1,1,1,30,308390,Benedict Chepeshi,Right Back,2,0,0,-1,,,,0,0,-1,,,,2025-11-29 06:12:44
13808,760662,8063,away,0,4-2-3-1,1,1,21,256647,Shemmy Mayembe,Left Back,3,0,0,-1,,,,0,0,-1,,,,2025-11-29 06:12:44
13808,760662,8063,away,0,4-2-3-1,1,1,18,414970,Fils Vitalis Gantar,Left Midfielder,4,0,0,-1,,,,0,0,-1,,,,2025-11-29 06:12:44
13808,760662,8063,away,0,4-2-3-1,1,1,2,232665,Solomon Sakala,Center Right Defender,5,0,0,-1,,,,1,414972,28,414972.0,3660.0,61',2025-11-29 06:12:44
13808,760662,8063,away,0,4-2-3-1,1,1,5,187200,Kabaso Chongo,Center Left Defender,6,0,0,-1,,,,0,0,-1,,,,2025-11-29 06:12:44
13808,760662,8063,away,0,4-2-3-1,1,1,25,274125,Lindo Mkhonta,Attacking Midfielder Right,7,0,0,-1,,,,1,376863,9,376863.0,4080.0,68',2025-11-29 06:12:44
13808,760662,8063,away,0,4-2-3-1,1,1,19,308391,Leonard Mulenga,Right Midfielder,8,0,0,-1,,,,0,0,-1,,,,2025-11-29 06:12:44
13808,760662,8063,away,0,4-2-3-1,1,1,29,380838,Freddy Kouablan,Forward,9,0,0,-1,,,,1,414971,8,414971.0,5220.0,87',2025-11-29 06:12:44
13808,760662,8063,away,0,4-2-3-1,1,1,6,386181,David Simukonda,Attacking Midfielder,10,0,0,-1,,,,0,0,-1,,,,2025-11-29 06:12:44
13808,760662,8063,away,0,4-2-3-1,1,1,17,335751,Abraham Siankombo,Attacking Midfielder Left,11,0,0,-1,,,,1,414704,24,414704.0,3600.0,60',2025-11-29 06:12:44
13808,760662,8063,away,0,4-2-3-1,1,0,12,414973,Samson Ngoma,Substitute,0,0,0,-1,,,,0,0,-1,,,,2025-11-29 06:12:44
13808,760662,8063,away,0,4-2-3-1,1,0,10,187182,Alex Ng'onga,Substitute,0,0,0,-1,,,,0,0,-1,,,,2025-11-29 06:12:44
13808,760662,8063,away,0,4-2-3-1,1,0,39,308386,Zacharia Chilongoshi,Substitute,0,0,0,-1,,,,0,0,-1,,,,2025-11-29 06:12:44
13808,760662,8063,away,0,4-2-3-1,1,0,35,359049,Victor Sochima,Substitute,0,0,0,-1,,,,0,0,-1,,,,2025-11-29 06:12:44
13808,760662,8063,away,0,4-2-3-1,1,0,26,363283,Mathews Chabala,Substitute,0,0,0,-1,,,,0,0,-1,,,,2025-11-29 06:12:44
13808,760662,8063,away,0,4-2-3-1,1,0,9,376863,Amine Hiver,Substitute,0,1,274125,25,274125.0,4080.0,68',0,0,-1,,,,2025-11-29 06:12:44
13808,760662,8063,away,0,4-2-3-1,1,0,24,414704,Pascal Phiri,Substitute,0,1,335751,17,335751.0,3600.0,60',0,0,-1,,,,2025-11-29 06:12:44
13808,760662,8063,away,0,4-2-3-1,1,0,8,414971,Oghenemarho Ifoni,Substitute,0,1,380838,29,380838.0,5220.0,87',0,0,-1,,,,2025-11-29 06:12:44
13808,760662,8063,away,0,4-2-3-1,1,0,28,414972,Peter Musukuma,Substitute,0,1,232665,2,232665.0,3660.0,61',0,0,-1,,,,2025-11-29 06:12:44
13808,760663,7339,home,1,4-1-2-1-2,1,1,16,356187,Mahmoud Hamdy,Goalkeeper,1,0,0,-1,,,,0,0,-1,,,,2025-11-25 02:43:42
13808,760663,7339,home,1,4-1-2-1-2,1,1,7,273357,Karim El Eraki,Right Back,2,0,0,-1,,,,0,0,-1,,,,2025-11-25 02:43:42
13808,760663,7339,home,1,4-1-2-1-2,1,1,13,393563,Amr El Saadawy,Left Back,3,0,0,-1,,,,0,0,-1,,,,2025-11-25 02:43:42
13808,760663,7339,home,1,4-1-2-1-2,1,1,21,333441,Bonheur Mugisha,Defensive Midfielder,4,0,0,-1,,,,0,0,-1,,,,2025-11-25 02:43:42
13808,760663,7339,home,1,4-1-2-1-2,1,1,29,284617,Mohamed Hashem,Center Right Defender,5,0,0,-1,,,,0,0,-1,,,,2025-11-25 02:43:42
13808,760663,7339,home,1,4-1-2-1-2,1,1,5,391108,Khaled Sobhy,Center Left Defender,6,0,0,-1,,,,0,0,-1,,,,2025-11-25 02:43:42
13808,760663,7339,home,1,4-1-2-1-2,1,1,8,299536,Hassan Ali,Right Midfielder,7,0,0,-1,,,,1,284620,10,284620.0,4620.0,77',2025-11-25 02:43:42
13808,760663,7339,home,1,4-1-2-1-2,1,1,30,273162,Abderrahim Deghmoum,Attacking Midfielder,8,0,0,-1,,,,1,257356,3,257356.0,5400.0,90'+1',2025-11-25 02:43:42
13808,760663,7339,home,1,4-1-2-1-2,1,1,25,397049,Mounder Temine,Center Left Forward,9,0,0,-1,,,,1,284619,11,284619.0,5160.0,86',2025-11-25 02:43:42
13808,760663,7339,home,1,4-1-2-1-2,1,1,20,272754,Kingsley Eduwo,Center Right Forward,10,0,0,-1,,,,1,395394,15,395394.0,4620.0,77',2025-11-25 02:43:42
13808,760663,7339,home,1,4-1-2-1-2,1,1,14,299620,Mahmoud Hamada,Left Midfielder,11,0,0,-1,,,,1,392357,12,392357.0,5160.0,86',2025-11-25 02:43:42
13808,760663,7339,home,1,4-1-2-1-2,1,0,1,333185,Essam Tharwat,Substitute,0,0,0,-1,,,,0,0,-1,,,,2025-11-25 02:43:42
13808,760663,7339,home,1,4-1-2-1-2,1,0,40,400977,Ahmed Ali,Substitute,0,0,0,-1,,,,0,0,-1,,,,2025-11-25 02:43:42
13808,760663,7339,home,1,4-1-2-1-2,1,0,15,395394,Ahmed El Armouty,Substitute,0,1,272754,20,272754.0,4620.0,77',0,0,-1,,,,2025-11-25 02:43:42
13808,760663,7339,home,1,4-1-2-1-2,1,0,35,414443,Mahmoud Ashraf,Substitute,0,0,0,-1,,,,0,0,-1,,,,2025-11-25 02:43:42
13808,760663,7339,home,1,4-1-2-1-2,1,0,10,284620,Mohamed Youssef,Substitute,0,1,299536,8,299536.0,4620.0,77',0,0,-1,,,,2025-11-25 02:43:42
13808,760663,7339,home,1,4-1-2-1-2,1,0,11,284619,Mohamed El Shamy,Substitute,0,1,397049,25,397049.0,5160.0,86',0,0,-1,,,,2025-11-25 02:43:42
13808,760663,7339,home,1,4-1-2-1-2,1,0,12,392357,Mostafa Abou El Khair,Substitute,0,1,299620,14,299620.0,5160.0,86',0,0,-1,,,,2025-11-25 02:43:42
13808,760663,7339,home,1,4-1-2-1-2,1,0,36,414444,Abdel Wahab Nader,Substitute,0,0,0,-1,,,,0,0,-1,,,,2025-11-25 02:43:42
13808,760663,7339,home,1,4-1-2-1-2,1,0,3,257356,Ahmed Mansour,Substitute,0,1,273162,30,273162.0,5400.0,90'+1',0,0,-1,,,,2025-11-25 02:43:42
13808,760663,7081,away,0,4-2-3-1,1,1,1,186119,Brandon Peterson,Goalkeeper,1,0,0,-1,,,,0,0,-1,,,,2025-11-25 02:43:42
13808,760663,7081,away,0,4-2-3-1,1,1,18,291132,Dillon Solomons,Right Back,2,0,0,-1,,,,0,0,-1,,,,2025-11-25 02:43:42
13808,760663,7081,away,0,4-2-3-1,1,1,27,310593,Bradley Cross,Left Back,3,0,0,-1,,,,0,0,-1,,,,2025-11-25 02:43:42
13808,760663,7081,away,0,4-2-3-1,1,1,21,256690,Thabo Cele,Left Midfielder,4,0,0,-1,,,,1,324943,22,324943.0,4800.0,80',2025-11-25 02:43:42
13808,760663,7081,away,0,4-2-3-1,1,1,4,262787,Zitha Macheke,Center Right Defender,5,0,0,-1,,,,0,0,-1,,,,2025-11-25 02:43:42
13808,760663,7081,away,0,4-2-3-1,1,1,14,208363,Inácio Santos,Center Left Defender,6,0,0,-1,,,,0,0,-1,,,,2025-11-25 02:43:42
13808,760663,7081,away,0,4-2-3-1,1,1,9,291123,Ashley Du Preez,Attacking Midfielder Right,7,0,0,-1,,,,1,380673,28,380673.0,3780.0,63',2025-11-25 02:43:42
13808,760663,7081,away,0,4-2-3-1,1,1,5,309103,Sibongiseni Mthethwa,Right Midfielder,8,0,0,-1,,,,0,0,-1,,,,2025-11-25 02:43:42
13808,760663,7081,away,0,4-2-3-1,1,1,40,347401,Etiosa Ighodaro,Forward,9,0,0,-1,,,,1,408396,32,408396.0,4200.0,70',2025-11-25 02:43:42
13808,760663,7081,away,0,4-2-3-1,1,1,7,332564,Mduduzi Shabalala,Attacking Midfielder,10,0,0,-1,,,,1,261013,6,261013.0,4800.0,80',2025-11-25 02:43:42
13808,760663,7081,away,0,4-2-3-1,1,1,13,309039,Pule Sydney Mmodi,Attacking Midfielder Left,11,0,0,-1,,,,1,313782,17,313782.0,3780.0,63',2025-11-25 02:43:42
13808,760663,7081,away,0,4-2-3-1,1,0,16,261004,Bruce Bvuma,Substitute,0,0,0,-1,,,,0,0,-1,,,,2025-11-25 02:43:42
13808,760663,7081,away,0,4-2-3-1,1,0,28,380673,Mfundo Vilakazi,Substitute,0,1,291123,9,291123.0,3780.0,63',0,0,-1,,,,2025-11-25 02:43:42
13808,760663,7081,away,0,4-2-3-1,1,0,22,324943,Lehlogonolo Matlou,Substitute,0,1,256690,21,256690.0,4800.0,80',0,0,-1,,,,2025-11-25 02:43:42
13808,760663,7081,away,0,4-2-3-1,1,0,17,313782,Asenele Velebayi,Substitute,0,1,309039,13,309039.0,3780.0,63',0,0,-1,,,,2025-11-25 02:43:42
13808,760663,7081,away,0,4-2-3-1,1,0,2,287484,James Monyane,Substitute,0,0,0,-1,,,,0,0,-1,,,,2025-11-25 02:43:42
13808,760663,7081,away,0,4-2-3-1,1,0,25,276774,Spiwe Given Msimango,Substitute,0,0,0,-1,,,,0,0,-1,,,,2025-11-25 02:43:42
13808,760663,7081,away,0,4-2-3-1,1,0,29,262785,Paseka Mako,Substitute,0,0,0,-1,,,,0,0,-1,,,,2025-11-25 02:43:42
13808,760663,7081,away,0,4-2-3-1,1,0,6,261013,Lebohang Maboe,Substitute,0,1,332564,7,332564.0,4800.0,80',0,0,-1,,,,2025-11-25 02:43:42
13808,760663,7081,away,0,4-2-3-1,1,0,32,408396,Flávio Silva,Substitute,0,1,347401,40,347401.0,4200.0,70',0,0,-1,,,,2025-11-25 02:43:42
13808,760664,18615,home,1,4-3-3,1,1,17,262578,Sage Stephens,Goalkeeper,1,0,0,-1,,,,0,0,-1,,,,2025-11-25 02:43:42
13808,760664,18615,home,1,4-3-3,1,1,16,359081,Kazie Godswill,Right Back,2,0,0,-1,,,,0,0,-1,,,,2025-11-25 02:43:42
13808,760664,18615,home,1,4-3-3,1,1,2,289481,Turan Manafov,Left Back,3,0,0,-1,,,,0,0,-1,,,,2025-11-25 02:43:42
13808,760664,18615,home,1,4-3-3,1,1,21,408418,Mthetheleli Mthiyane,Center Midfielder,4,0,0,-1,,,,0,0,-1,,,,2025-11-25 02:43:42
13808,760664,18615,home,1,4-3-3,1,1,24,287490,Thabo Moloisane,Center Right Defender,5,0,0,-1,,,,0,0,-1,,,,2025-11-25 02:43:42
13808,760664,18615,home,1,4-3-3,1,1,26,332323,Athenkosi Mcaba,Center Left Defender,6,0,0,-1,,,,1,335321,19,335321.0,4620.0,77',2025-11-25 02:43:42
13808,760664,18615,home,1,4-3-3,1,1,29,391769,Thapelo Mokobodi,Right Midfielder,7,0,0,-1,,,,0,0,-1,,,,2025-11-25 02:43:42
13808,760664,18615,home,1,4-3-3,1,1,27,297317,Ibraheem Jabaar,Left Midfielder,8,0,0,-1,,,,1,325172,12,325172.0,3900.0,65',2025-11-25 02:43:42
13808,760664,18615,home,1,4-3-3,1,1,15,288772,Muzomuhle Khanyi,Forward,9,0,0,-1,,,,1,313773,9,313773.0,3900.0,65',2025-11-25 02:43:42
13808,760664,18615,home,1,4-3-3,1,1,34,312371,Devon Titus,Right Forward,10,0,0,-1,,,,1,383923,11,383923.0,4620.0,77',2025-11-25 02:43:42
13808,760664,18615,home,1,4-3-3,1,1,8,313690,Khomotjo Lekoloane,Left Forward,11,0,0,-1,,,,1,309019,20,309019.0,3900.0,65',2025-11-25 02:43:42
13808,760664,18615,home,1,4-3-3,1,0,12,325172,Thato Khiba,Substitute,0,1,297317,27,297317.0,3900.0,65',0,0,-1,,,,2025-11-25 02:43:42
13808,760664,18615,home,1,4-3-3,1,0,9,313773,Ashley Cupido,Substitute,0,1,288772,15,288772.0,3900.0,65',0,0,-1,,,,2025-11-25 02:43:42
13808,760664,18615,home,1,4-3-3,1,0,19,335321,Genino Palace,Substitute,0,1,332323,26,332323.0,4620.0,77',0,0,-1,,,,2025-11-25 02:43:42
13808,760664,18615,home,1,4-3-3,1,0,20,309019,Sanele Barns,Substitute,0,1,313690,8,313690.0,3900.0,65',0,0,-1,,,,2025-11-25 02:43:42
13808,760664,18615,home,1,4-3-3,1,0,14,380651,Siviwe Nkwali,Substitute,0,0,0,-1,,,,0,0,-1,,,,2025-11-25 02:43:42
13808,760664,18615,home,1,4-3-3,1,0,11,383923,Langelihle Phili,Substitute,0,1,312371,34,312371.0,4620.0,77',0,0,-1,,,,2025-11-25 02:43:42
13808,760664,18615,home,1,4-3-3,1,0,3,390447,Omega Mdaka,Substitute,0,0,0,-1,,,,0,0,-1,,,,2025-11-25 02:43:42
13808,760664,18615,home,1,4-3-3,1,0,30,264759,Masuluke Oscarine,Substitute,0,0,0,-1,,,,0,0,-1,,,,2025-11-25 02:43:42
13808,760664,18615,home,1,4-3-3,1,0,18,194737,Andre De Jong,Substitute,0,0,0,-1,,,,0,0,-1,,,,2025-11-25 02:43:42
13808,760664,19437,away,0,4-2-3-1,1,1,16,219460,Aboubacar Doumbia,Goalkeeper,1,0,0,-1,,,,0,0,-1,,,,2025-11-25 02:43:42
13808,760664,19437,away,0,4-2-3-1,1,1,3,310492,Prince Mouandza Mapata,Right Back,2,0,0,-1,,,,0,0,-1,,,,2025-11-25 02:43:42
13808,760664,19437,away,0,4-2-3-1,1,1,29,385201,Charles Atipo,Left Back,3,0,0,-1,,,,0,0,-1,,,,2025-11-25 02:43:42
13808,760664,19437,away,0,4-2-3-1,1,1,24,414918,Ibrahima Traoré,Left Midfielder,4,0,0,-1,,,,0,0,-1,,,,2025-11-25 02:43:42
13808,760664,19437,away,0,4-2-3-1,1,1,5,414921,Ravelli Obembi,Center Right Defender,5,0,0,-1,,,,0,0,-1,,,,2025-11-25 02:43:42
13808,760664,19437,away,0,4-2-3-1,1,1,22,369543,Geordy Bowamba,Center Left Defender,6,0,0,-1,,,,0,0,-1,,,,2025-11-25 02:43:42
13808,760664,19437,away,0,4-2-3-1,1,1,20,270047,Samy Mampembe,Attacking Midfielder Right,7,0,0,-1,,,,1,254162,32,254162.0,4440.0,74',2025-11-25 02:43:42
13808,760664,19437,away,0,4-2-3-1,1,1,21,403483,Gedeon Nongo,Right Midfielder,8,0,0,-1,,,,1,252095,14,252095.0,5400.0,90'+3',2025-11-25 02:43:42
13808,760664,19437,away,0,4-2-3-1,1,1,17,414911,Bandiougou Diallo,Forward,9,0,0,-1,,,,0,0,-1,,,,2025-11-25 02:43:42
13808,760664,19437,away,0,4-2-3-1,1,1,13,358987,Gosim Elenga,Attacking Midfielder,10,0,0,-1,,,,0,0,-1,,,,2025-11-25 02:43:42
13808,760664,19437,away,0,4-2-3-1,1,1,26,377497,Klegnime Koné,Attacking Midfielder Left,11,0,0,-1,,,,1,408471,10,408471.0,4440.0,74',2025-11-25 02:43:42
13808,760664,19437,away,0,4-2-3-1,1,0,14,252095,Oumar Camara,Substitute,0,1,403483,21,403483.0,5400.0,90'+3',0,0,-1,,,,2025-11-25 02:43:42
13808,760664,19437,away,0,4-2-3-1,1,0,25,414931,Boubacar Traoré,Substitute,0,0,0,-1,,,,0,0,-1,,,,2025-11-25 02:43:42
13808,760664,19437,away,0,4-2-3-1,1,0,15,414920,Koumou Keita,Substitute,0,0,0,-1,,,,0,0,-1,,,,2025-11-25 02:43:42
13808,760664,19437,away,0,4-2-3-1,1,0,33,414919,Jérémie Lakoumba,Substitute,0,0,0,-1,,,,0,0,-1,,,,2025-11-25 02:43:42
13808,760664,19437,away,0,4-2-3-1,1,0,32,254162,Giovanni Ipamy,Substitute,0,1,270047,20,270047.0,4440.0,74',0,0,-1,,,,2025-11-25 02:43:42
13808,760664,19437,away,0,4-2-3-1,1,0,10,408471,Grace Mavoungou,Substitute,0,1,377497,26,377497.0,4440.0,74',0,0,-1,,,,2025-11-25 02:43:42
13808,760664,19437,away,0,4-2-3-1,1,0,27,408021,Grace Nsemi,Substitute,0,0,0,-1,,,,0,0,-1,,,,2025-11-25 02:43:42
13808,760664,19437,away,0,4-2-3-1,1,0,30,408010,Simon Samba,Substitute,0,0,0,-1,,,,0,0,-1,,,,2025-11-25 02:43:42
13808,760664,19437,away,0,4-2-3-1,1,0,31,403474,Exaucé Nzaou,Substitute,0,0,0,-1,,,,0,0,-1,,,,2025-11-25 02:43:42
13808,760665,8625,home,1,4-3-3,1,1,16,338728,El Mehdi Benabid,Goalkeeper,1,0,0,-1,,,,0,0,-1,,,,2025-11-25 02:43:42
13808,760665,8625,home,1,4-3-3,1,1,34,289580,Mohamed Bouchouari,Right Back,2,0,0,-1,,,,1,359026,2,359026.0,5340.0,89',2025-11-25 02:43:42
13808,760665,8625,home,1,4-3-3,1,1,24,380863,Ayoub Boucheta,Left Back,3,0,0,-1,,,,0,0,-1,,,,2025-11-25 02:43:42
13808,760665,8625,home,1,4-3-3,1,1,25,255169,Stephane Aziz Ki,Center Midfielder,4,0,0,-1,,,,1,195229,6,195229.0,4020.0,67',2025-11-25 02:43:42
13808,760665,8625,home,1,4-3-3,1,1,14,284977,Guilherme Ferreira de Oliveira,Center Right Defender,5,0,0,-1,,,,0,0,-1,,,,2025-11-25 02:43:42
13808,760665,8625,home,1,4-3-3,1,1,22,226123,Bart Meijers,Center Left Defender,6,0,0,-1,,,,0,0,-1,,,,2025-11-25 02:43:42
13808,760665,8625,home,1,4-3-3,1,1,15,415026,Abdelghafour Lamirat,Right Midfielder,7,0,0,-1,,,,1,188339,8,188339.0,4680.0,78',2025-11-25 02:43:42
13808,760665,8625,home,1,4-3-3,1,1,27,396805,Joseph Bakasu,Left Midfielder,8,0,0,-1,,,,0,0,-1,,,,2025-11-25 02:43:42
13808,760665,8625,home,1,4-3-3,1,1,19,273147,Hamza Hannouri,Forward,9,0,0,-1,,,,0,0,-1,,,,2025-11-25 02:43:42
13808,760665,8625,home,1,4-3-3,1,1,11,124891,Nordin Amrabat,Right Forward,10,0,0,-1,,,,1,405561,21,405561.0,4080.0,68',2025-11-25 02:43:42
13808,760665,8625,home,1,4-3-3,1,1,3,247132,Thembinkosi Lorch,Left Forward,11,0,0,-1,,,,1,345246,28,345246.0,4680.0,78',2025-11-25 02:43:42
13808,760665,8625,home,1,4-3-3,1,0,9,254492,Tumisang Orebonye,Substitute,0,0,0,-1,,,,0,0,-1,,,,2025-11-25 02:43:42
13808,760665,8625,home,1,4-3-3,1,0,4,313850,Amine Aboulfath,Substitute,0,0,0,-1,,,,0,0,-1,,,,2025-11-25 02:43:42
13808,760665,8625,home,1,4-3-3,1,0,28,345246,Walid Nassi,Substitute,0,1,247132,3,247132.0,4680.0,78',0,0,-1,,,,2025-11-25 02:43:42
13808,760665,8625,home,1,4-3-3,1,0,2,359026,Mohamed Moufid,Substitute,0,1,289580,34,289580.0,5340.0,89',0,0,-1,,,,2025-11-25 02:43:42
13808,760665,8625,home,1,4-3-3,1,0,1,232636,Abdelaali M'hamdi,Substitute,0,0,0,-1,,,,0,0,-1,,,,2025-11-25 02:43:42
13808,760665,8625,home,1,4-3-3,1,0,6,195229,Walid Sabbar,Substitute,0,1,255169,25,255169.0,4020.0,67',0,0,-1,,,,2025-11-25 02:43:42
13808,760665,8625,home,1,4-3-3,1,0,21,405561,Mouad Enzo,Substitute,0,1,124891,11,124891.0,4080.0,68',0,0,-1,,,,2025-11-25 02:43:42
13808,760665,8625,home,1,4-3-3,1,0,7,195227,Zouheir El Moutaraji,Substitute,0,0,0,-1,,,,0,0,-1,,,,2025-11-25 02:43:42
13808,760665,8625,home,1,4-3-3,1,0,8,188339,Mohamed Rayhi,Substitute,0,1,415026,15,415026.0,4680.0,78',0,0,-1,,,,2025-11-25 02:43:42
13808,760665,131378,away,0,4-2-3-1,1,1,32,414930,Kevin Oduor,Goalkeeper,1,0,0,-1,,,,0,0,-1,,,,2025-11-25 02:43:42
13808,760665,131378,away,0,4-2-3-1,1,1,18,292340,Prince Buregeya,Right Back,2,0,0,-1,,,,0,0,-1,,,,2025-11-25 02:43:42
13808,760665,131378,away,0,4-2-3-1,1,1,12,414687,Kevin Otiende,Left Back,3,0,0,-1,,,,0,0,-1,,,,2025-11-25 02:43:42
13808,760665,131378,away,0,4-2-3-1,1,1,26,414950,Brian Omondi,Left Midfielder,4,0,0,-1,,,,0,0,-1,,,,2025-11-25 02:43:42
13808,760665,131378,away,0,4-2-3-1,1,1,34,414961,Lennox Ogutu,Center Right Defender,5,0,0,-1,,,,0,0,-1,,,,2025-11-25 02:43:42
13808,760665,131378,away,0,4-2-3-1,1,1,4,414959,John Onyango,Center Left Defender,6,0,0,-1,,,,0,0,-1,,,,2025-11-25 02:43:42
13808,760665,131378,away,0,4-2-3-1,1,1,29,414954,Dancan Omala,Attacking Midfielder Right,7,0,0,-1,,,,1,236946,7,236946.0,3840.0,64',2025-11-25 02:43:42
13808,760665,131378,away,0,4-2-3-1,1,1,24,414962,Lesley Owino,Right Midfielder,8,0,0,-1,,,,1,414945,19,414945.0,5400.0,90'+2',2025-11-25 02:43:42
13808,760665,131378,away,0,4-2-3-1,1,1,22,414964,Michael Karamor,Forward,9,0,0,-1,,,,1,414957,9,414957.0,4800.0,80',2025-11-25 02:43:42
13808,760665,131378,away,0,4-2-3-1,1,1,35,414956,Enock Machaga,Attacking Midfielder,10,0,0,-1,,,,1,414952,23,414952.0,4860.0,81',2025-11-25 02:43:42
13808,760665,131378,away,0,4-2-3-1,1,1,5,255677,Shami Mwinyi,Attacking Midfielder Left,11,0,0,-1,,,,1,414963,11,414963.0,5400.0,90'+2',2025-11-25 02:43:42
13808,760665,131378,away,0,4-2-3-1,1,0,16,414946,Bernard Jairo,Substitute,0,0,0,-1,,,,0,0,-1,,,,2025-11-25 02:43:42
13808,760665,131378,away,0,4-2-3-1,1,0,17,414948,Brian Magare,Substitute,0,0,0,-1,,,,0,0,-1,,,,2025-11-25 02:43:42
13808,760665,131378,away,0,4-2-3-1,1,0,21,415067,Lonny Amudava,Substitute,0,0,0,-1,,,,0,0,-1,,,,2025-11-25 02:43:42
13808,760665,131378,away,0,4-2-3-1,1,0,30,414965,Shafic Ssebyala,Substitute,0,0,0,-1,,,,0,0,-1,,,,2025-11-25 02:43:42
13808,760665,131378,away,0,4-2-3-1,1,0,11,414963,Majaliwa Charo,Substitute,0,1,255677,5,255677.0,5400.0,90'+2',0,0,-1,,,,2025-11-25 02:43:42
13808,760665,131378,away,0,4-2-3-1,1,0,7,236946,Ovella Ochieng,Substitute,0,1,414954,29,414954.0,3840.0,64',0,0,-1,,,,2025-11-25 02:43:42
13808,760665,131378,away,0,4-2-3-1,1,0,9,414957,Frank Ouya,Substitute,0,1,414964,22,414964.0,4800.0,80',0,0,-1,,,,2025-11-25 02:43:42
13808,760665,131378,away,0,4-2-3-1,1,0,19,414945,Adams Nyambane,Substitute,0,1,414962,24,414962.0,5400.0,90'+2',0,0,-1,,,,2025-11-25 02:43:42
13808,760665,131378,away,0,4-2-3-1,1,0,23,414952,Chris Opondo,Substitute,0,1,414956,35,414956.0,4860.0,81',0,0,-1,,,,2025-11-25 02:43:42
13808,760666,7517,home,1,3-1-4-2,1,1,25,299346,Oussama Benbot,Goalkeeper,1,0,0,-1,,,,0,0,-1,,,,2025-11-28 06:12:55
13808,760666,7517,home,1,3-1-4-2,1,1,19,276109,Saâdi Redouani,Right Midfielder,2,0,0,-1,,,,0,0,-1,,,,2025-11-28 06:12:55
13808,760666,7517,home,1,3-1-4-2,1,1,14,359074,Brahim Benzaza,Left Midfielder,3,0,0,-1,,,,0,0,-1,,,,2025-11-28 06:12:55
13808,760666,7517,home,1,3-1-4-2,1,1,21,298336,Adem Alilet,Center Defender,4,0,0,-1,,,,0,0,-1,,,,2025-11-28 06:12:55
13808,760666,7517,home,1,3-1-4-2,1,1,4,335659,Che Malone,Center Right Defender,5,0,0,-1,,,,0,0,-1,,,,2025-11-28 06:12:55
13808,760666,7517,home,1,3-1-4-2,1,1,13,357255,Hocine Dehiri,Center Left Defender,6,0,0,-1,,,,0,0,-1,,,,2025-11-28 06:12:55
13808,760666,7517,home,1,3-1-4-2,1,1,30,321299,Etane Tendeng,Center Right Midfielder,7,0,0,-1,,,,1,273224,11,273224.0,4200.0,70',2025-11-28 06:12:55
13808,760666,7517,home,1,3-1-4-2,1,1,8,359067,Islam Merili,Sweeper,8,0,0,-1,,,,0,0,-1,,,,2025-11-28 06:12:55
13808,760666,7517,home,1,3-1-4-2,1,1,7,402580,Ahmed Khaldi,Center Right Forward,9,0,0,-1,,,,1,299309,9,299309.0,4200.0,70',2025-11-28 06:12:55
13808,760666,7517,home,1,3-1-4-2,1,1,27,276110,Houssameddine Ghacha,Center Left Forward,10,0,0,-1,,,,1,299289,10,299289.0,5400.0,90',2025-11-28 06:12:55
13808,760666,7517,home,1,3-1-4-2,1,1,6,237883,Zakaria Draoui,Center Left Midfielder,11,0,0,-1,,,,1,287080,12,287080.0,5400.0,90'+1',2025-11-28 06:12:55
13808,760666,7517,home,1,3-1-4-2,1,0,10,299289,Ghiles Guenaoui,,0,1,276110,27,276110.0,5400.0,90',0,0,-1,,,,2025-11-28 06:12:55
13808,760666,7517,home,1,3-1-4-2,1,0,9,299309,Riad Benayad,,0,1,402580,7,402580.0,4200.0,70',0,0,-1,,,,2025-11-28 06:12:55
13808,760666,7517,home,1,3-1-4-2,1,0,24,415022,Mohamed Bouderbala,,0,0,0,-1,,,,0,0,-1,,,,2025-11-28 06:12:55
13808,760666,7517,home,1,3-1-4-2,1,0,3,397064,Seif Athamnia,,0,0,0,-1,,,,0,0,-1,,,,2025-11-28 06:12:55
13808,760666,7517,home,1,3-1-4-2,1,0,16,374273,Kamel Soufi,,0,0,0,-1,,,,0,0,-1,,,,2025-11-28 06:12:55
13808,760666,7517,home,1,3-1-4-2,1,0,11,273224,Glody Likonza,,0,1,321299,30,321299.0,4200.0,70',0,0,-1,,,,2025-11-28 06:12:55
13808,760666,7517,home,1,3-1-4-2,1,0,15,336477,Emmanuel Ernest,,0,0,0,-1,,,,0,0,-1,,,,2025-11-28 06:12:55
13808,760666,7517,home,1,3-1-4-2,1,0,12,287080,Haithem Loucif,,0,1,237883,6,237883.0,5400.0,90'+1',0,0,-1,,,,2025-11-28 06:12:55
13808,760666,7517,home,1,3-1-4-2,1,0,17,313796,Khaled Bousseliou,,0,0,0,-1,,,,0,0,-1,,,,2025-11-28 06:12:55
13808,760666,20216,away,0,4-1-4-1,1,1,16,414944,Lebato Kipré,Goalkeeper,1,0,0,-1,,,,0,0,-1,,,,2025-11-25 02:43:42
13808,760666,20216,away,0,4-1-4-1,1,1,29,414926,Bangaly Fofana,Right Back,2,0,0,-1,,,,0,0,-1,,,,2025-11-25 02:43:42
13808,760666,20216,away,0,4-1-4-1,1,1,3,414943,Franck Yoan,Left Back,3,0,0,-1,,,,0,0,-1,,,,2025-11-25 02:43:42
13808,760666,20216,away,0,4-1-4-1,1,1,35,414936,Adéwimi Alabi,Defensive Midfielder,4,0,0,-1,,,,0,0,-1,,,,2025-11-25 02:43:42
13808,760666,20216,away,0,4-1-4-1,1,1,26,414940,Mouhamadou Karamoko,Center Right Defender,5,0,0,-1,,,,0,0,-1,,,,2025-11-25 02:43:42
13808,760666,20216,away,0,4-1-4-1,1,1,18,414933,Chichi Capo,Center Left Defender,6,0,0,-1,,,,0,0,-1,,,,2025-11-25 02:43:42
13808,760666,20216,away,0,4-1-4-1,1,1,7,414932,Ahmed Coulibaly,Right Midfielder,7,0,0,-1,,,,1,414960,14,414960.0,5340.0,89',2025-11-25 02:43:42
13808,760666,20216,away,0,4-1-4-1,1,1,8,414935,Laciné Dosso,Center Right Midfielder,8,0,0,-1,,,,1,414934,27,414934.0,4560.0,76',2025-11-25 02:43:42
13808,760666,20216,away,0,4-1-4-1,1,1,9,414942,Dramane Kamagate,Forward,9,0,0,-1,,,,0,0,-1,,,,2025-11-25 02:43:42
13808,760666,20216,away,0,4-1-4-1,1,1,12,414929,Moussa Kone,Center Left Midfielder,10,0,0,-1,,,,0,0,-1,,,,2025-11-25 02:43:42
13808,760666,20216,away,0,4-1-4-1,1,1,13,414941,Abi Niamb,Left Midfielder,11,0,0,-1,,,,0,0,-1,,,,2025-11-25 02:43:42
13808,760666,20216,away,0,4-1-4-1,1,0,14,414960,Mathieu Amon,Substitute,0,1,414932,7,414932.0,5340.0,89',0,0,-1,,,,2025-11-25 02:43:42
13808,760666,20216,away,0,4-1-4-1,1,0,2,415064,Djava M'Ban,Substitute,0,0,0,-1,,,,0,0,-1,,,,2025-11-25 02:43:42
13808,760666,20216,away,0,4-1-4-1,1,0,31,415065,Amalaman Allou,Substitute,0,0,0,-1,,,,0,0,-1,,,,2025-11-25 02:43:42
13808,760666,20216,away,0,4-1-4-1,1,0,5,414938,Serge Boti,Substitute,0,0,0,-1,,,,0,0,-1,,,,2025-11-25 02:43:42
13808,760666,20216,away,0,4-1-4-1,1,0,6,414937,Doumbia Famoussa,Substitute,0,0,0,-1,,,,0,0,-1,,,,2025-11-25 02:43:42
13808,760666,20216,away,0,4-1-4-1,1,0,27,414934,Koffi Wilfried,Substitute,0,1,414935,8,414935.0,4560.0,76',0,0,-1,,,,2025-11-25 02:43:42
13808,760666,20216,away,0,4-1-4-1,1,0,10,413830,Hubert Yao,Substitute,0,0,0,-1,,,,0,0,-1,,,,2025-11-25 02:43:42
13808,760666,20216,away,0,4-1-4-1,1,0,4,132755,Ibrahima Touré,Substitute,0,0,0,-1,,,,0,0,-1,,,,2025-11-25 02:43:42
13808,760666,20216,away,0,4-1-4-1,1,0,22,414939,Koffi Adjoumani,Substitute,0,0,0,-1,,,,0,0,-1,,,,2025-11-25 02:43:42
13808,760667,131551,home,0,4-2-3-1,1,1,28,369512,Zuberi Masudi,Goalkeeper,1,0,0,-1,,,,0,0,-1,,,,2025-11-29 06:12:44
13808,760667,131551,home,0,4-2-3-1,1,1,5,329341,Lusajo Mwaikenda,Right Back,2,0,0,-1,,,,0,0,-1,,,,2025-11-29 06:12:44
13808,760667,131551,home,0,4-2-3-1,1,1,12,384838,Pascal Gaudence Msindo,Left Back,3,0,0,-1,,,,0,0,-1,,,,2025-11-29 06:12:44
13808,760667,131551,home,0,4-2-3-1,1,1,8,318700,Sadio Kanoute,Left Midfielder,4,0,0,-1,,,,0,0,-1,,,,2025-11-29 06:12:44
13808,760667,131551,home,0,4-2-3-1,1,1,3,357424,Yoro Diaby,Center Right Defender,5,0,0,-1,,,,0,0,-1,,,,2025-11-29 06:12:44
13808,760667,131551,home,0,4-2-3-1,1,1,24,414905,Yeison Fuentes,Center Left Defender,6,0,0,-1,,,,0,0,-1,,,,2025-11-29 06:12:44
13808,760667,131551,home,0,4-2-3-1,1,1,9,284630,Abdul Sopu,Attacking Midfielder Right,7,0,0,-1,,,,0,0,-1,,,,2025-11-29 06:12:44
13808,760667,131551,home,0,4-2-3-1,1,1,35,254480,Himid Mao,Right Midfielder,8,0,0,-1,,,,1,410100,21,410100.0,4080.0,68',2025-11-29 06:12:44
13808,760667,131551,home,0,4-2-3-1,1,1,30,276798,Kitambala Jefu,Forward,9,0,0,-1,,,,0,0,-1,,,,2025-11-29 06:12:44
13808,760667,131551,home,0,4-2-3-1,1,1,6,272019,Feisal Salum,Attacking Midfielder,10,0,0,-1,,,,0,0,-1,,,,2025-11-29 06:12:44
13808,760667,131551,home,0,4-2-3-1,1,1,23,329516,Iddi Selemani,Attacking Midfielder Left,11,0,0,-1,,,,0,0,-1,,,,2025-11-29 06:12:44
13808,760667,131551,home,0,4-2-3-1,1,0,7,398181,Zidane Sereri,Substitute,0,0,0,-1,,,,0,0,-1,,,,2025-11-29 06:12:44
13808,760667,131551,home,0,4-2-3-1,1,0,27,338101,Tepsi Evance Theonasy,Substitute,0,0,0,-1,,,,0,0,-1,,,,2025-11-29 06:12:44
13808,760667,131551,home,0,4-2-3-1,1,0,20,332397,Nathaniel Chilambo,Substitute,0,0,0,-1,,,,0,0,-1,,,,2025-11-29 06:12:44
13808,760667,131551,home,0,4-2-3-1,1,0,29,374524,Nassor Saadun,Substitute,0,0,0,-1,,,,0,0,-1,,,,2025-11-29 06:12:44
13808,760667,131551,home,0,4-2-3-1,1,0,2,301000,James Akaminko,Substitute,0,0,0,-1,,,,0,0,-1,,,,2025-11-29 06:12:44
13808,760667,131551,home,0,4-2-3-1,1,0,1,299316,Issa Fofana,Substitute,0,0,0,-1,,,,0,0,-1,,,,2025-11-29 06:12:44
13808,760667,131551,home,0,4-2-3-1,1,0,22,396757,Taieb Ben Zitoun,Substitute,0,0,0,-1,,,,0,0,-1,,,,2025-11-29 06:12:44
13808,760667,131551,home,0,4-2-3-1,1,0,21,410100,Yahya Omary,Substitute,0,1,254480,35,254480.0,4080.0,68',0,0,-1,,,,2025-11-29 06:12:44
13808,760667,131551,home,0,4-2-3-1,1,0,40,414904,Ahoutou Zouzou,Substitute,0,0,0,-1,,,,0,0,-1,,,,2025-11-29 06:12:44
13808,760667,8625,away,1,4-1-3-2,1,1,16,338728,El Mehdi Benabid,Goalkeeper,1,0,0,-1,,,,0,0,-1,,,,2025-11-29 06:12:44
13808,760667,8625,away,1,4-1-3-2,1,1,34,289580,Mohamed Bouchouari,Right Back,2,0,0,-1,,,,1,359026,2,359026.0,2700.0,45',2025-11-29 06:12:44
13808,760667,8625,away,1,4-1-3-2,1,1,24,380863,Ayoub Boucheta,Left Back,3,0,0,-1,,,,0,0,-1,,,,2025-11-29 06:12:44
13808,760667,8625,away,1,4-1-3-2,1,1,6,195229,Walid Sabbar,Sweeper,4,0,0,-1,,,,0,0,-1,,,,2025-11-29 06:12:44
13808,760667,8625,away,1,4-1-3-2,1,1,14,284977,Guilherme Ferreira de Oliveira,Center Right Defender,5,0,0,-1,,,,0,0,-1,,,,2025-11-29 06:12:44
13808,760667,8625,away,1,4-1-3-2,1,1,4,313850,Amine Aboulfath,Center Left Defender,6,0,0,-1,,,,0,0,-1,,,,2025-11-29 06:12:44
13808,760667,8625,away,1,4-1-3-2,1,1,11,124891,Nordin Amrabat,Right Midfielder,7,0,0,-1,,,,1,345246,28,345246.0,5280.0,88',2025-11-29 06:12:44
13808,760667,8625,away,1,4-1-3-2,1,1,27,396805,Joseph Bakasu,Center Midfielder,8,0,0,-1,,,,0,0,-1,,,,2025-11-29 06:12:44
13808,760667,8625,away,1,4-1-3-2,1,1,25,255169,Stephane Aziz Ki,Center Right Forward,9,0,0,-1,,,,1,188339,8,188339.0,4680.0,78',2025-11-29 06:12:44
13808,760667,8625,away,1,4-1-3-2,1,1,19,273147,Hamza Hannouri,Center Left Forward,10,0,0,-1,,,,1,254492,9,254492.0,5340.0,89',2025-11-29 06:12:44
13808,760667,8625,away,1,4-1-3-2,1,1,3,247132,Thembinkosi Lorch,Left Midfielder,11,0,0,-1,,,,1,265166,18,265166.0,3960.0,66',2025-11-29 06:12:44
13808,760667,8625,away,1,4-1-3-2,1,0,1,232636,Abdelaali M'hamdi,,0,0,0,-1,,,,0,0,-1,,,,2025-11-29 06:12:44
13808,760667,8625,away,1,4-1-3-2,1,0,22,226123,Bart Meijers,,0,0,0,-1,,,,0,0,-1,,,,2025-11-29 06:12:44
13808,760667,8625,away,1,4-1-3-2,1,0,18,265166,Hamza Elowasti,,0,1,247132,3,247132.0,3960.0,66',0,0,-1,,,,2025-11-29 06:12:44
13808,760667,8625,away,1,4-1-3-2,1,0,9,254492,Tumisang Orebonye,,0,1,273147,19,273147.0,5340.0,89',0,0,-1,,,,2025-11-29 06:12:44
13808,760667,8625,away,1,4-1-3-2,1,0,21,405561,Mouad Enzo,,0,0,0,-1,,,,0,0,-1,,,,2025-11-29 06:12:44
13808,760667,8625,away,1,4-1-3-2,1,0,23,380862,Oussama Zemraoui,,0,0,0,-1,,,,0,0,-1,,,,2025-11-29 06:12:44
13808,760667,8625,away,1,4-1-3-2,1,0,2,359026,Mohamed Moufid,,0,1,289580,34,289580.0,2700.0,45',0,0,-1,,,,2025-11-29 06:12:44
13808,760667,8625,away,1,4-1-3-2,1,0,8,188339,Mohamed Rayhi,,0,1,255169,25,255169.0,4680.0,78',0,0,-1,,,,2025-11-29 06:12:44
13808,760667,8625,away,1,4-1-3-2,1,0,28,345246,Walid Nassi,,0,1,124891,11,124891.0,5280.0,88',0,0,-1,,,,2025-11-29 06:12:44
13808,760668,131549,home,0,4-1-4-1,1,1,12,376934,Amas Obasogie,Goalkeeper,1,0,0,-1,,,,0,0,-1,,,,2025-12-01 06:12:29
13808,760668,131549,home,0,4-1-4-1,1,1,21,377176,Andé Cirille,Right Back,2,0,0,-1,,,,0,0,-1,,,,2025-12-01 06:12:29
13808,760668,131549,home,0,4-1-4-1,1,1,3,308619,Nickson Kibabage,Left Back,3,0,0,-1,,,,1,365089,7,365089.0,5160.0,86',2025-12-01 06:12:29
13808,760668,131549,home,0,4-1-4-1,1,1,8,221683,Khalid Aucho,Defensive Midfielder,4,0,0,-1,,,,0,0,-1,,,,2025-12-01 06:12:29
13808,760668,131549,home,0,4-1-4-1,1,1,11,359079,Morice Chukwu,Center Right Defender,5,0,0,-1,,,,0,0,-1,,,,2025-12-01 06:12:29
13808,760668,131549,home,0,4-1-4-1,1,1,13,335602,Anthony Tra Bi Tra,Center Left Defender,6,0,0,-1,,,,0,0,-1,,,,2025-12-01 06:12:29
13808,760668,131549,home,0,4-1-4-1,1,1,39,308440,Elvis Baranga Rupia,Right Midfielder,7,0,0,-1,,,,1,294700,10,294700.0,3360.0,56',2025-12-01 06:12:29
13808,760668,131549,home,0,4-1-4-1,1,1,6,414897,Emmanuel Keyekeh,Center Right Midfielder,8,0,0,-1,,,,1,345445,15,345445.0,4860.0,81',2025-12-01 06:12:29
13808,760668,131549,home,0,4-1-4-1,1,1,9,359115,Horso Mwaku,Forward,9,0,0,-1,,,,0,0,-1,,,,2025-12-01 06:12:29
13808,760668,131549,home,0,4-1-4-1,1,1,17,233057,Clatous Chama,Center Left Midfielder,10,0,0,-1,,,,0,0,-1,,,,2025-12-01 06:12:29
13808,760668,131549,home,0,4-1-4-1,1,1,20,414898,Idriss Diomande,Left Midfielder,11,0,0,-1,,,,0,0,-1,,,,2025-12-01 06:12:29
13808,760668,131549,home,0,4-1-4-1,1,0,4,384458,Khalid Habibu,Substitute,0,0,0,-1,,,,0,0,-1,,,,2025-12-01 06:12:29
13808,760668,131549,home,0,4-1-4-1,1,0,15,345445,Lamine Diadhiou,Substitute,0,1,414897,6,414897.0,4860.0,81',0,0,-1,,,,2025-12-01 06:12:29
13808,760668,131549,home,0,4-1-4-1,1,0,7,365089,Andrew Phiri,Substitute,0,1,308619,3,308619.0,5160.0,86',0,0,-1,,,,2025-12-01 06:12:29
13808,760668,131549,home,0,4-1-4-1,1,0,10,294700,Marouf Tchakei,Substitute,0,1,308440,39,308440.0,3360.0,56',0,0,-1,,,,2025-12-01 06:12:29
13808,760668,131549,home,0,4-1-4-1,1,0,27,273106,Deus Kaseke David,Substitute,0,0,0,-1,,,,0,0,-1,,,,2025-12-01 06:12:29
13808,760668,131549,home,0,4-1-4-1,1,0,40,255187,Gadiel Kamagi,Substitute,0,0,0,-1,,,,0,0,-1,,,,2025-12-01 06:12:29
13808,760668,131549,home,0,4-1-4-1,1,0,29,384460,Mukrim Issa,Substitute,0,0,0,-1,,,,0,0,-1,,,,2025-12-01 06:12:29
13808,760668,131549,home,0,4-1-4-1,1,0,30,401613,Hussein Masaranga,Substitute,0,0,0,-1,,,,0,0,-1,,,,2025-12-01 06:12:29
13808,760668,131549,home,0,4-1-4-1,1,0,32,414892,Mohamed Damaro,Substitute,0,0,0,-1,,,,0,0,-1,,,,2025-12-01 06:12:29
13808,760668,18615,away,0,4-1-4-1,1,1,30,264759,Masuluke Oscarine,Goalkeeper,1,0,0,-1,,,,0,0,-1,,,,2025-12-01 06:12:29
13808,760668,18615,away,0,4-1-4-1,1,1,24,287490,Thabo Moloisane,Right Back,2,0,0,-1,,,,0,0,-1,,,,2025-12-01 06:12:29
13808,760668,18615,away,0,4-1-4-1,1,1,3,390447,Omega Mdaka,Left Back,3,0,0,-1,,,,0,0,-1,,,,2025-12-01 06:12:29
13808,760668,18615,away,0,4-1-4-1,1,1,19,335321,Genino Palace,Defensive Midfielder,4,0,0,-1,,,,0,0,-1,,,,2025-12-01 06:12:29
13808,760668,18615,away,0,4-1-4-1,1,1,14,380651,Siviwe Nkwali,Center Right Defender,5,0,0,-1,,,,0,0,-1,,,,2025-12-01 06:12:29
13808,760668,18615,away,0,4-1-4-1,1,1,4,408408,Henri Stanic,Center Left Defender,6,0,0,-1,,,,0,0,-1,,,,2025-12-01 06:12:29
13808,760668,18615,away,0,4-1-4-1,1,1,20,309019,Sanele Barns,Right Midfielder,7,0,0,-1,,,,0,0,-1,,,,2025-12-01 06:12:29
13808,760668,18615,away,0,4-1-4-1,1,1,12,325172,Thato Khiba,Center Right Midfielder,8,0,0,-1,,,,1,313775,33,313775.0,3840.0,64',2025-12-01 06:12:29
13808,760668,18615,away,0,4-1-4-1,1,1,9,313773,Ashley Cupido,Forward,9,0,0,-1,,,,1,194737,18,194737.0,3840.0,64',2025-12-01 06:12:29
13808,760668,18615,away,0,4-1-4-1,1,1,27,297317,Ibraheem Jabaar,Center Left Midfielder,10,0,0,-1,,,,1,391769,29,391769.0,5400.0,90'+6',2025-12-01 06:12:29
13808,760668,18615,away,0,4-1-4-1,1,1,11,383923,Langelihle Phili,Left Midfielder,11,0,0,-1,,,,1,313690,8,313690.0,4320.0,72',2025-12-01 06:12:29
13808,760668,18615,away,0,4-1-4-1,1,0,35,66450,Lee Langeveldt,Substitute,0,0,0,-1,,,,0,0,-1,,,,2025-12-01 06:12:29
13808,760668,18615,away,0,4-1-4-1,1,0,8,313690,Khomotjo Lekoloane,Substitute,0,1,383923,11,383923.0,4320.0,72',0,0,-1,,,,2025-12-01 06:12:29
13808,760668,18615,away,0,4-1-4-1,1,0,33,313775,Chumani Butsaka,Substitute,0,1,325172,12,325172.0,3840.0,64',0,0,-1,,,,2025-12-01 06:12:29
13808,760668,18615,away,0,4-1-4-1,1,0,32,366832,Deejan Ah Shene,Substitute,0,0,0,-1,,,,0,0,-1,,,,2025-12-01 06:12:29
13808,760668,18615,away,0,4-1-4-1,1,0,29,391769,Thapelo Mokobodi,Substitute,0,1,297317,27,297317.0,5400.0,90'+6',0,0,-1,,,,2025-12-01 06:12:29
13808,760668,18615,away,0,4-1-4-1,1,0,36,415248,Tauric Gamildien,Substitute,0,0,0,-1,,,,0,0,-1,,,,2025-12-01 06:12:29
13808,760668,18615,away,0,4-1-4-1,1,0,18,194737,Andre De Jong,Substitute,0,1,313773,9,313773.0,3840.0,64',0,0,-1,,,,2025-12-01 06:12:29
13808,760668,18615,away,0,4-1-4-1,1,0,31,415249,Keanan Johannessen,Substitute,0,0,0,-1,,,,0,0,-1,,,,2025-12-01 06:12:29
13808,760669,131550,home,0,4-2-3-1,1,1,12,299625,Hamza Hamiani Akbi,Goalkeeper,1,0,0,-1,,,,0,0,-1,,,,2025-11-29 06:12:44
13808,760669,131550,home,0,4-2-3-1,1,1,31,265226,Hamza Semmoumy,Right Back,2,0,0,-1,,,,1,415011,2,415011.0,4500.0,75',2025-11-29 06:12:44
13808,760669,131550,home,0,4-2-3-1,1,1,27,415016,Saad El Morsli,Left Back,3,0,0,-1,,,,0,0,-1,,,,2025-11-29 06:12:44
13808,760669,131550,home,0,4-2-3-1,1,1,23,415017,Walid Rhailouf,Left Midfielder,4,0,0,-1,,,,0,0,-1,,,,2025-11-29 06:12:44
13808,760669,131550,home,0,4-2-3-1,1,1,8,415012,Faraji Karmoune,Center Right Defender,5,0,0,-1,,,,0,0,-1,,,,2025-11-29 06:12:44
13808,760669,131550,home,0,4-2-3-1,1,1,15,415019,Yassine Kordani,Center Left Defender,6,0,0,-1,,,,0,0,-1,,,,2025-11-29 06:12:44
13808,760669,131550,home,0,4-2-3-1,1,1,5,408157,Salaheddine Errahouli,Attacking Midfielder Right,7,0,0,-1,,,,0,0,-1,,,,2025-11-29 06:12:44
13808,760669,131550,home,0,4-2-3-1,1,1,4,251742,Fred Ngoma,Right Midfielder,8,0,0,-1,,,,1,415009,30,415009.0,4500.0,75',2025-11-29 06:12:44
13808,760669,131550,home,0,4-2-3-1,1,1,9,335697,Charki El Bahri,Forward,9,0,0,-1,,,,1,219522,14,219522.0,3780.0,63',2025-11-29 06:12:44
13808,760669,131550,home,0,4-2-3-1,1,1,6,313923,Sofian El Moudane,Attacking Midfielder,10,0,0,-1,,,,1,415007,10,415007.0,3780.0,63',2025-11-29 06:12:44
13808,760669,131550,home,0,4-2-3-1,1,1,22,415004,Anass Eddaou,Attacking Midfielder Left,11,0,0,-1,,,,1,323705,18,323705.0,4500.0,75',2025-11-29 06:12:44
13808,760669,131550,home,0,4-2-3-1,1,0,1,415008,Abderrahmane Kernane,Substitute,0,0,0,-1,,,,0,0,-1,,,,2025-11-29 06:12:44
13808,760669,131550,home,0,4-2-3-1,1,0,10,415007,Abderrahmane Kassak,Substitute,0,1,313923,6,313923.0,3780.0,63',0,0,-1,,,,2025-11-29 06:12:44
13808,760669,131550,home,0,4-2-3-1,1,0,30,415009,Anas Mkhair,Substitute,0,1,251742,4,251742.0,4500.0,75',0,0,-1,,,,2025-11-29 06:12:44
13808,760669,131550,home,0,4-2-3-1,1,0,2,415011,Anas Soufeir,Substitute,0,1,265226,31,265226.0,4500.0,75',0,0,-1,,,,2025-11-29 06:12:44
13808,760669,131550,home,0,4-2-3-1,1,0,18,323705,Karim L'Koucha,Substitute,0,1,415004,22,415004.0,4500.0,75',0,0,-1,,,,2025-11-29 06:12:44
13808,760669,131550,home,0,4-2-3-1,1,0,16,415015,Oussama Ichou,Substitute,0,0,0,-1,,,,0,0,-1,,,,2025-11-29 06:12:44
13808,760669,131550,home,0,4-2-3-1,1,0,11,284519,Marwane Elaz,Substitute,0,0,0,-1,,,,0,0,-1,,,,2025-11-29 06:12:44
13808,760669,131550,home,0,4-2-3-1,1,0,21,181543,Mohamed Chemlal,Substitute,0,0,0,-1,,,,0,0,-1,,,,2025-11-29 06:12:44
13808,760669,131550,home,0,4-2-3-1,1,0,14,219522,Moussa Koné,Substitute,0,1,335697,9,335697.0,3780.0,63',0,0,-1,,,,2025-11-29 06:12:44
13808,760669,7517,away,1,4-3-3,1,1,25,299346,Oussama Benbot,Goalkeeper,1,0,0,-1,,,,0,0,-1,,,,2025-11-29 06:12:44
13808,760669,7517,away,1,4-3-3,1,1,19,164129,Brahim Boudebouda,Right Back,2,0,0,-1,,,,0,0,-1,,,,2025-11-29 06:12:44
13808,760669,7517,away,1,4-3-3,1,1,13,357255,Hocine Dehiri,Left Back,3,0,0,-1,,,,0,0,-1,,,,2025-11-29 06:12:44
13808,760669,7517,away,1,4-3-3,1,1,6,237883,Zakaria Draoui,Center Midfielder,4,0,0,-1,,,,1,287080,12,287080.0,5220.0,87',2025-11-29 06:12:44
13808,760669,7517,away,1,4-3-3,1,1,4,335659,Che Malone,Center Right Defender,5,0,0,-1,,,,0,0,-1,,,,2025-11-29 06:12:44
13808,760669,7517,away,1,4-3-3,1,1,3,397064,Seif Athamnia,Center Left Defender,6,0,0,-1,,,,0,0,-1,,,,2025-11-29 06:12:44
13808,760669,7517,away,1,4-3-3,1,1,8,359067,Islam Merili,Right Midfielder,7,0,0,-1,,,,0,0,-1,,,,2025-11-29 06:12:44
13808,760669,7517,away,1,4-3-3,1,1,14,359074,Brahim Benzaza,Left Midfielder,8,0,0,-1,,,,0,0,-1,,,,2025-11-29 06:12:44
13808,760669,7517,away,1,4-3-3,1,1,27,276110,Houssameddine Ghacha,Forward,9,0,0,-1,,,,1,299289,10,299289.0,5160.0,86',2025-11-29 06:12:44
13808,760669,7517,away,1,4-3-3,1,1,7,402580,Ahmed Khaldi,Right Forward,10,0,0,-1,,,,1,299309,9,299309.0,4320.0,72',2025-11-29 06:12:44
13808,760669,7517,away,1,4-3-3,1,1,30,321299,Etane Tendeng,Left Forward,11,0,0,-1,,,,1,273224,11,273224.0,4320.0,72',2025-11-29 06:12:44
13808,760669,7517,away,1,4-3-3,1,0,9,299309,Riad Benayad,Substitute,0,1,402580,7,402580.0,4320.0,72',0,0,-1,,,,2025-11-29 06:12:44
13808,760669,7517,away,1,4-3-3,1,0,24,415022,Mohamed Bouderbala,Substitute,0,0,0,-1,,,,0,0,-1,,,,2025-11-29 06:12:44
13808,760669,7517,away,1,4-3-3,1,0,11,273224,Glody Likonza,Substitute,0,1,321299,30,321299.0,4320.0,72',0,0,-1,,,,2025-11-29 06:12:44
13808,760669,7517,away,1,4-3-3,1,0,12,287080,Haithem Loucif,Substitute,0,1,237883,6,237883.0,5220.0,87',0,0,-1,,,,2025-11-29 06:12:44
13808,760669,7517,away,1,4-3-3,1,0,23,295375,Ilyes Chetti,Substitute,0,0,0,-1,,,,0,0,-1,,,,2025-11-29 06:12:44
13808,760669,7517,away,1,4-3-3,1,0,10,299289,Ghiles Guenaoui,Substitute,0,1,276110,27,276110.0,5160.0,86',0,0,-1,,,,2025-11-29 06:12:44
13808,760669,7517,away,1,4-3-3,1,0,17,313796,Khaled Bousseliou,Substitute,0,0,0,-1,,,,0,0,-1,,,,2025-11-29 06:12:44
13808,760669,7517,away,1,4-3-3,1,0,15,336477,Emmanuel Ernest,Substitute,0,0,0,-1,,,,0,0,-1,,,,2025-11-29 06:12:44
13808,760669,7517,away,1,4-3-3,1,0,16,374273,Kamel Soufi,Substitute,0,0,0,-1,,,,0,0,-1,,,,2025-11-29 06:12:44
13808,760670,20216,home,1,4-1-4-1,1,1,16,414944,Lebato Kipré,Goalkeeper,1,0,0,-1,,,,0,0,-1,,,,2025-12-01 06:12:29
13808,760670,20216,home,1,4-1-4-1,1,1,29,414926,Bangaly Fofana,Right Back,2,0,0,-1,,,,1,414960,14,414960.0,4740.0,79',2025-12-01 06:12:29
13808,760670,20216,home,1,4-1-4-1,1,1,4,132755,Ibrahima Touré,Left Back,3,0,0,-1,,,,0,0,-1,,,,2025-12-01 06:12:29
13808,760670,20216,home,1,4-1-4-1,1,1,35,414936,Adéwimi Alabi,Defensive Midfielder,4,0,0,-1,,,,0,0,-1,,,,2025-12-01 06:12:29
13808,760670,20216,home,1,4-1-4-1,1,1,26,414940,Mouhamadou Karamoko,Center Right Defender,5,0,0,-1,,,,0,0,-1,,,,2025-12-01 06:12:29
13808,760670,20216,home,1,4-1-4-1,1,1,18,414933,Chichi Capo,Center Left Defender,6,0,0,-1,,,,0,0,-1,,,,2025-12-01 06:12:29
13808,760670,20216,home,1,4-1-4-1,1,1,11,414927,Issouf Dosso,Right Midfielder,7,0,0,-1,,,,0,0,-1,,,,2025-12-01 06:12:29
13808,760670,20216,home,1,4-1-4-1,1,1,12,414929,Moussa Kone,Center Right Midfielder,8,0,0,-1,,,,1,414932,7,414932.0,4080.0,68',2025-12-01 06:12:29
13808,760670,20216,home,1,4-1-4-1,1,1,9,414942,Dramane Kamagate,Forward,9,0,0,-1,,,,1,393580,24,393580.0,4800.0,80',2025-12-01 06:12:29
13808,760670,20216,home,1,4-1-4-1,1,1,13,414941,Abi Niamb,Center Left Midfielder,10,0,0,-1,,,,1,415064,2,415064.0,5400.0,90'+2',2025-12-01 06:12:29
13808,760670,20216,home,1,4-1-4-1,1,1,8,414935,Laciné Dosso,Left Midfielder,11,0,0,-1,,,,1,414934,27,414934.0,4080.0,68',2025-12-01 06:12:29
13808,760670,20216,home,1,4-1-4-1,1,0,3,414943,Franck Yoan,Substitute,0,0,0,-1,,,,0,0,-1,,,,2025-12-01 06:12:29
13808,760670,20216,home,1,4-1-4-1,1,0,5,414938,Serge Boti,Substitute,0,0,0,-1,,,,0,0,-1,,,,2025-12-01 06:12:29
13808,760670,20216,home,1,4-1-4-1,1,0,27,414934,Koffi Wilfried,Substitute,0,1,414935,8,414935.0,4080.0,68',0,0,-1,,,,2025-12-01 06:12:29
13808,760670,20216,home,1,4-1-4-1,1,0,7,414932,Ahmed Coulibaly,Substitute,0,1,414929,12,414929.0,4080.0,68',0,0,-1,,,,2025-12-01 06:12:29
13808,760670,20216,home,1,4-1-4-1,1,0,14,414960,Mathieu Amon,Substitute,0,1,414926,29,414926.0,4740.0,79',0,0,-1,,,,2025-12-01 06:12:29
13808,760670,20216,home,1,4-1-4-1,1,0,40,404382,Abdoulaye Samake,Substitute,0,0,0,-1,,,,0,0,-1,,,,2025-12-01 06:12:29
13808,760670,20216,home,1,4-1-4-1,1,0,24,393580,Koffi Jean Arriel,Substitute,0,1,414942,9,414942.0,4800.0,80',0,0,-1,,,,2025-12-01 06:12:29
13808,760670,20216,home,1,4-1-4-1,1,0,2,415064,Djava M'Ban,Substitute,0,1,414941,13,414941.0,5400.0,90'+2',0,0,-1,,,,2025-12-01 06:12:29
13808,760670,19220,away,0,4-3-3,1,1,30,414928,Wilfried Kouassi,Goalkeeper,1,0,0,-1,,,,0,0,-1,,,,2025-12-01 06:12:29
13808,760670,19220,away,0,4-3-3,1,1,2,346788,Modibo Camara,Right Back,2,0,0,-1,,,,0,0,-1,,,,2025-12-01 06:12:29
13808,760670,19220,away,0,4-3-3,1,1,15,396764,Alou Doumbia,Left Back,3,0,0,-1,,,,0,0,-1,,,,2025-12-01 06:12:29
13808,760670,19220,away,0,4-3-3,1,1,10,396791,Kenan Glougbe,Center Midfielder,4,0,0,-1,,,,1,414977,22,414977.0,5220.0,87',2025-12-01 06:12:29
13808,760670,19220,away,0,4-3-3,1,1,5,412286,Bakary Traoré,Center Right Defender,5,0,0,-1,,,,0,0,-1,,,,2025-12-01 06:12:29
13808,760670,19220,away,0,4-3-3,1,1,4,358962,Boulkassoum Diarra,Center Left Defender,6,0,0,-1,,,,0,0,-1,,,,2025-12-01 06:12:29
13808,760670,19220,away,0,4-3-3,1,1,31,358968,Mady Dembele,Right Midfielder,7,0,0,-1,,,,1,381138,6,381138.0,2700.0,45',2025-12-01 06:12:29
13808,760670,19220,away,0,4-3-3,1,1,13,354650,Boubacar Keita,Left Midfielder,8,0,0,-1,,,,1,414947,8,414947.0,4380.0,73',2025-12-01 06:12:29
13808,760670,19220,away,0,4-3-3,1,1,25,396793,Seydou Diabate,Forward,9,0,0,-1,,,,0,0,-1,,,,2025-12-01 06:12:29
13808,760670,19220,away,0,4-3-3,1,1,17,414969,Keffa Tangara,Right Forward,10,0,0,-1,,,,0,0,-1,,,,2025-12-01 06:12:29
13808,760670,19220,away,0,4-3-3,1,1,12,396773,Amadou Soumaré,Left Forward,11,0,0,-1,,,,1,345775,26,345775.0,4380.0,73',2025-12-01 06:12:29
13808,760670,19220,away,0,4-3-3,1,0,3,238440,Aly Keita,Substitute,0,0,0,-1,,,,0,0,-1,,,,2025-12-01 06:12:29
13808,760670,19220,away,0,4-3-3,1,0,22,414977,Fodé Touré,Substitute,0,1,396791,10,396791.0,5220.0,87',0,0,-1,,,,2025-12-01 06:12:29
13808,760670,19220,away,0,4-3-3,1,0,7,396766,Aboubacar Sidibé,Substitute,0,0,0,-1,,,,0,0,-1,,,,2025-12-10 06:01:41
13808,760670,19220,away,0,4-3-3,1,0,29,287431,Clement Kanoute,Substitute,0,0,0,-1,,,,0,0,-1,,,,2025-12-01 06:12:29
13808,760670,19220,away,0,4-3-3,1,0,26,345775,Adama Samake,Substitute,0,1,396773,12,396773.0,4380.0,73',0,0,-1,,,,2025-12-01 06:12:29
13808,760670,19220,away,0,4-3-3,1,0,8,414947,Raye Cissé,Substitute,0,1,354650,13,354650.0,4380.0,73',0,0,-1,,,,2025-12-01 06:12:29
13808,760670,19220,away,0,4-3-3,1,0,16,396911,Solomane Coulibaly,Substitute,0,0,0,-1,,,,0,0,-1,,,,2025-12-01 06:12:29
13808,760670,19220,away,0,4-3-3,1,0,9,396794,Youssouf Simpara,Substitute,0,0,0,-1,,,,0,0,-1,,,,2025-12-01 06:12:29
13808,760670,19220,away,0,4-3-3,1,0,6,381138,Ange Manzan,Substitute,0,1,358968,31,358968.0,2700.0,45',0,0,-1,,,,2025-12-01 06:12:29
13808,760671,19437,home,1,3-4-3,1,1,16,219460,Aboubacar Doumbia,Goalkeeper,1,0,0,-1,,,,0,0,-1,,,,2025-11-30 06:14:16
13808,760671,19437,home,1,3-4-3,1,1,3,310492,Prince Mouandza Mapata,Right Midfielder,2,0,0,-1,,,,0,0,-1,,,,2025-11-30 06:14:16
13808,760671,19437,home,1,3-4-3,1,1,13,358987,Gosim Elenga,Left Midfielder,3,0,0,-1,,,,0,0,-1,,,,2025-11-30 06:14:16
13808,760671,19437,home,1,3-4-3,1,1,29,385201,Charles Atipo,Center Left Defender,4,0,0,-1,,,,0,0,-1,,,,2025-11-30 06:14:16
13808,760671,19437,home,1,3-4-3,1,1,22,369543,Geordy Bowamba,Center Defender,5,0,0,-1,,,,0,0,-1,,,,2025-11-30 06:14:16
13808,760671,19437,home,1,3-4-3,1,1,5,414921,Ravelli Obembi,Center Right Defender,6,0,0,-1,,,,1,414931,25,414931.0,5400.0,90'+2',2025-11-30 06:14:16
13808,760671,19437,home,1,3-4-3,1,1,21,403483,Gedeon Nongo,Center Right Midfielder,7,0,0,-1,,,,1,252095,14,252095.0,4740.0,79',2025-11-30 06:14:16
13808,760671,19437,home,1,3-4-3,1,1,24,414918,Ibrahima Traoré,Center Left Midfielder,8,0,0,-1,,,,0,0,-1,,,,2025-11-30 06:14:16
13808,760671,19437,home,1,3-4-3,1,1,17,414911,Bandiougou Diallo,Forward,9,0,0,-1,,,,1,414920,15,414920.0,5400.0,90'+3',2025-11-30 06:14:16
13808,760671,19437,home,1,3-4-3,1,1,20,270047,Samy Mampembe,Center Right Forward,10,0,0,-1,,,,1,403474,31,403474.0,4800.0,80',2025-11-30 06:14:16
13808,760671,19437,home,1,3-4-3,1,1,7,335577,Whylfrid Nkaya,Center Left Forward,11,0,0,-1,,,,1,377497,26,377497.0,3720.0,62',2025-11-30 06:14:16
13808,760671,19437,home,1,3-4-3,1,0,31,403474,Exaucé Nzaou,Substitute,0,1,270047,20,270047.0,4800.0,80',0,0,-1,,,,2025-11-30 06:14:16
13808,760671,19437,home,1,3-4-3,1,0,26,377497,Klegnime Koné,Substitute,0,1,335577,7,335577.0,3720.0,62',0,0,-1,,,,2025-11-30 06:14:16
13808,760671,19437,home,1,3-4-3,1,0,6,415203,Obed Masongisa,Substitute,0,0,0,-1,,,,0,0,-1,,,,2025-11-30 06:14:16
13808,760671,19437,home,1,3-4-3,1,0,25,414931,Boubacar Traoré,Substitute,0,1,414921,5,414921.0,5400.0,90'+2',0,0,-1,,,,2025-11-30 06:14:16
13808,760671,19437,home,1,3-4-3,1,0,15,414920,Koumou Keita,Substitute,0,1,414911,17,414911.0,5400.0,90'+3',0,0,-1,,,,2025-11-30 06:14:16
13808,760671,19437,home,1,3-4-3,1,0,14,252095,Oumar Camara,Substitute,0,1,403483,21,403483.0,4740.0,79',0,0,-1,,,,2025-11-30 06:14:16
13808,760671,19437,home,1,3-4-3,1,0,10,408471,Grace Mavoungou,Substitute,0,0,0,-1,,,,0,0,-1,,,,2025-11-30 06:14:16
13808,760671,19437,home,1,3-4-3,1,0,27,408021,Grace Nsemi,Substitute,0,0,0,-1,,,,0,0,-1,,,,2025-11-30 06:14:16
13808,760671,19437,home,1,3-4-3,1,0,30,408010,Simon Samba,Substitute,0,0,0,-1,,,,0,0,-1,,,,2025-11-30 06:14:16
13808,760671,20853,away,0,4-4-2,1,1,30,240453,Farid Chaâl,Goalkeeper,1,0,0,-1,,,,0,0,-1,,,,2025-11-30 06:14:16
13808,760671,20853,away,0,4-4-2,1,1,3,284726,Houcine Benayada,Right Back,2,0,0,-1,,,,0,0,-1,,,,2025-11-30 06:14:16
13808,760671,20853,away,0,4-4-2,1,1,21,315400,Youcef Laouafi,Left Back,3,0,0,-1,,,,0,0,-1,,,,2025-11-30 06:14:16
13808,760671,20853,away,0,4-4-2,1,1,8,240454,Raouf Benguit,Center Right Midfielder,4,0,0,-1,,,,1,313802,22,313802.0,3780.0,63',2025-11-30 06:14:16
13808,760671,20853,away,0,4-4-2,1,1,2,313789,Chouaib Keddad,Center Right Defender,5,0,0,-1,,,,0,0,-1,,,,2025-11-30 06:14:16
13808,760671,20853,away,0,4-4-2,1,1,4,396851,Abderrahmane Bekkour,Center Left Defender,6,0,0,-1,,,,0,0,-1,,,,2025-11-30 06:14:16
13808,760671,20853,away,0,4-4-2,1,1,7,397040,Abdennour Belhocini,Right Midfielder,7,0,0,-1,,,,0,0,-1,,,,2025-11-30 06:14:16
13808,760671,20853,away,0,4-4-2,1,1,15,313793,Housseyn Selmi,Center Left Midfielder,8,0,0,-1,,,,1,414900,27,414900.0,1980.0,33',2025-11-30 06:14:16
13808,760671,20853,away,0,4-4-2,1,1,13,396853,Lotfi Boussouar,Center Left Forward,9,0,0,-1,,,,1,302508,20,302508.0,1500.0,25',2025-11-30 06:14:16
13808,760671,20853,away,0,4-4-2,1,1,10,222605,Endri Cekici,Center Right Forward,10,0,0,-1,,,,1,396852,29,396852.0,2700.0,45',2025-11-30 06:14:16
13808,760671,20853,away,0,4-4-2,1,1,28,272011,Farid El Mellali,Left Midfielder,11,0,0,-1,,,,1,240447,11,240447.0,1980.0,33',2025-11-30 06:14:16
13808,760671,20853,away,0,4-4-2,1,0,16,285660,Mohamed Mokhtar,Substitute,0,0,0,-1,,,,0,0,-1,,,,2025-11-30 06:14:16
13808,760671,20853,away,0,4-4-2,1,0,17,414902,Islam Abbaci,Substitute,0,0,0,-1,,,,0,0,-1,,,,2025-11-30 06:14:16
13808,760671,20853,away,0,4-4-2,1,0,5,414901,Abdelmalek Kelaleche,Substitute,0,0,0,-1,,,,0,0,-1,,,,2025-11-30 06:14:16
13808,760671,20853,away,0,4-4-2,1,0,27,414900,Djaber Kaassis,Substitute,0,1,313793,15,313793.0,1980.0,33',0,0,-1,,,,2025-11-30 06:14:16
13808,760671,20853,away,0,4-4-2,1,0,29,396852,Bilal Boukerchaoui,Substitute,0,1,222605,10,222605.0,2700.0,45',0,0,-1,,,,2025-11-30 06:14:16
13808,760671,20853,away,0,4-4-2,1,0,11,240447,Ben Tahar Meziane,Substitute,0,1,272011,28,272011.0,1980.0,33',0,0,-1,,,,2025-11-30 06:14:16
13808,760671,20853,away,0,4-4-2,1,0,25,335434,Younes Abdelhak Ouassa,Substitute,0,0,0,-1,,,,0,0,-1,,,,2025-11-30 06:14:16
13808,760671,20853,away,0,4-4-2,1,0,22,313802,Mohamed Islam Belkhir,Substitute,0,1,240454,8,240454.0,3780.0,63',0,0,-1,,,,2025-11-30 06:14:16
13808,760671,20853,away,0,4-4-2,1,0,20,302508,Mohamed Ali Hamouda,Substitute,0,1,396853,13,396853.0,1500.0,25',0,0,-1,,,,2025-11-30 06:14:16
13808,760672,131378,home,0,4-1-3-2,1,1,32,414930,Kevin Oduor,Goalkeeper,1,0,0,-1,,,,0,0,-1,,,,2025-12-01 06:12:29
13808,760672,131378,home,0,4-1-3-2,1,1,2,296954,Yusuf Nasri Mainge,Right Back,2,0,0,-1,,,,1,414963,11,414963.0,5220.0,87',2025-12-01 06:12:29
13808,760672,131378,home,0,4-1-3-2,1,1,12,414687,Kevin Otiende,Left Back,3,0,0,-1,,,,0,0,-1,,,,2025-12-01 06:12:29
13808,760672,131378,home,0,4-1-3-2,1,1,17,414948,Brian Magare,Sweeper,4,0,0,-1,,,,1,414945,19,414945.0,4140.0,69',2025-12-01 06:12:29
13808,760672,131378,home,0,4-1-3-2,1,1,34,414961,Lennox Ogutu,Center Right Defender,5,0,0,-1,,,,0,0,-1,,,,2025-12-01 06:12:29
13808,760672,131378,home,0,4-1-3-2,1,1,4,414959,John Onyango,Center Left Defender,6,0,0,-1,,,,0,0,-1,,,,2025-12-01 06:12:29
13808,760672,131378,home,0,4-1-3-2,1,1,5,255677,Shami Mwinyi,Right Midfielder,7,0,0,-1,,,,1,414957,9,414957.0,5220.0,87',2025-12-01 06:12:29
13808,760672,131378,home,0,4-1-3-2,1,1,24,414962,Lesley Owino,Center Midfielder,8,0,0,-1,,,,0,0,-1,,,,2025-12-01 06:12:29
13808,760672,131378,home,0,4-1-3-2,1,1,22,414964,Michael Karamor,Center Right Forward,9,0,0,-1,,,,0,0,-1,,,,2025-12-01 06:12:29
13808,760672,131378,home,0,4-1-3-2,1,1,29,414954,Dancan Omala,Center Left Forward,10,0,0,-1,,,,1,415244,28,415244.0,4140.0,69',2025-12-01 06:12:29
13808,760672,131378,home,0,4-1-3-2,1,1,35,414956,Enock Machaga,Left Midfielder,11,0,0,-1,,,,1,414952,23,414952.0,4140.0,69',2025-12-01 06:12:29
13808,760672,131378,home,0,4-1-3-2,1,0,28,415244,Kefa Nakhumicha,,0,1,414954,29,414954.0,4140.0,69',0,0,-1,,,,2025-12-01 06:12:29
13808,760672,131378,home,0,4-1-3-2,1,0,36,415243,Ernest Mohammed,,0,0,0,-1,,,,0,0,-1,,,,2025-12-01 06:12:29
13808,760672,131378,home,0,4-1-3-2,1,0,30,414965,Shafic Ssebyala,,0,0,0,-1,,,,0,0,-1,,,,2025-12-01 06:12:29
13808,760672,131378,home,0,4-1-3-2,1,0,11,414963,Majaliwa Charo,,0,1,296954,2,296954.0,5220.0,87',0,0,-1,,,,2025-12-01 06:12:29
13808,760672,131378,home,0,4-1-3-2,1,0,9,414957,Frank Ouya,,0,1,255677,5,255677.0,5220.0,87',0,0,-1,,,,2025-12-01 06:12:29
13808,760672,131378,home,0,4-1-3-2,1,0,23,414952,Chris Opondo,,0,1,414956,35,414956.0,4140.0,69',0,0,-1,,,,2025-12-01 06:12:29
13808,760672,131378,home,0,4-1-3-2,1,0,19,414945,Adams Nyambane,,0,1,414948,17,414948.0,4140.0,69',0,0,-1,,,,2025-12-01 06:12:29
13808,760672,131378,home,0,4-1-3-2,1,0,3,398131,Isaac Omweri,,0,0,0,-1,,,,0,0,-1,,,,2025-12-01 06:12:29
13808,760672,131378,home,0,4-1-3-2,1,0,18,292340,Prince Buregeya,,0,0,0,-1,,,,0,0,-1,,,,2025-12-01 06:12:29
13808,760672,22429,away,1,4-4-2,1,1,30,287437,Detan Ogundare,Goalkeeper,1,0,0,-1,,,,0,0,-1,,,,2025-12-08 06:10:06
13808,760672,22429,away,1,4-4-2,1,1,15,396817,Lupini Dieumerci,Right Back,2,0,0,-1,,,,0,0,-1,,,,2025-12-08 06:10:06
13808,760672,22429,away,1,4-4-2,1,1,23,396824,Exaucia Moanda,Left Back,3,0,0,-1,,,,0,0,-1,,,,2025-12-08 06:10:06
13808,760672,22429,away,1,4-4-2,1,1,6,414909,Jordi Mukoko,Center Right Midfielder,4,0,0,-1,,,,0,0,-1,,,,2025-12-08 06:10:06
13808,760672,22429,away,1,4-4-2,1,1,12,359119,Jeancy Lita,Center Right Defender,5,0,0,-1,,,,0,0,-1,,,,2025-12-08 06:10:06
13808,760672,22429,away,1,4-4-2,1,1,25,396826,Osée Ndombele,Center Left Defender,6,0,0,-1,,,,0,0,-1,,,,2025-12-08 06:10:06
13808,760672,22429,away,1,4-4-2,1,1,10,312746,Clement Pitroipa,Right Midfielder,7,0,0,-1,,,,0,0,-1,,,,2025-12-08 06:10:06
13808,760672,22429,away,1,4-4-2,1,1,8,396797,Onoya Sangana,Center Left Midfielder,8,0,0,-1,,,,0,0,-1,,,,2025-12-08 06:10:06
13808,760672,22429,away,1,4-4-2,1,1,24,396825,Christian Balako,Center Left Forward,9,0,0,-1,,,,1,407824,7,407824.0,2700.0,45',2025-12-08 06:10:06
13808,760672,22429,away,1,4-4-2,1,1,28,396829,Chadoma Mukeni,Center Right Forward,10,0,0,-1,,,,1,396815,13,396815.0,5100.0,85',2025-12-08 06:10:06
13808,760672,22429,away,1,4-4-2,1,1,11,396814,Obed Mbala,Left Midfielder,11,0,0,-1,,,,1,396822,20,396822.0,2700.0,45',2025-12-08 06:10:06
13808,760672,22429,away,1,4-4-2,1,0,13,396815,Abedi Bokomboli,Substitute,0,1,396829,28,396829.0,5100.0,85',0,0,-1,,,,2025-12-08 06:10:06
13808,760672,22429,away,1,4-4-2,1,0,20,396822,Jeancy Mboma,Substitute,0,1,396814,11,396814.0,2700.0,45',0,0,-1,,,,2025-12-08 06:10:06
13808,760672,22429,away,1,4-4-2,1,0,7,407824,Silva Tshitenge,Substitute,0,1,396825,24,396825.0,2700.0,45',0,0,-1,,,,2025-12-08 06:10:06
13808,760672,22429,away,1,4-4-2,1,0,14,414907,Jeampy Kabamba,Substitute,0,0,0,-1,,,,0,0,-1,,,,2025-12-08 06:10:06
13808,760672,22429,away,1,4-4-2,1,0,27,396800,Lucien Joël,Substitute,0,0,0,-1,,,,0,0,-1,,,,2025-12-08 06:10:06
13808,760672,22429,away,1,4-4-2,1,0,17,414908,Junior Lombangi,Substitute,0,0,0,-1,,,,0,0,-1,,,,2025-12-08 06:10:06
13808,760672,22429,away,1,4-4-2,1,0,5,415053,Christopher Mambote,Substitute,0,0,0,-1,,,,0,0,-1,,,,2025-12-08 06:10:06
13808,760672,22429,away,1,4-4-2,1,0,3,396803,Jeancy Mpindi,Substitute,0,0,0,-1,,,,0,0,-1,,,,2025-12-08 06:10:06
13808,760672,22429,away,1,4-4-2,1,0,1,396802,Nathan Mobaelua,Substitute,0,0,0,-1,,,,0,0,-1,,,,2025-12-08 06:10:06
13808,760673,7081,home,0,3-4-2-1,1,1,1,186119,Brandon Peterson,Goalkeeper,1,0,0,-1,,,,0,0,-1,,,,2025-11-30 06:14:16
13808,760673,7081,home,0,3-4-2-1,1,1,18,291132,Dillon Solomons,Right Midfielder,2,0,0,-1,,,,0,0,-1,,,,2025-11-30 06:14:16
13808,760673,7081,home,0,3-4-2-1,1,1,13,309039,Pule Sydney Mmodi,Left Midfielder,3,0,0,-1,,,,1,313782,17,313782.0,2700.0,45',2025-11-30 06:14:16
13808,760673,7081,home,0,3-4-2-1,1,1,27,310593,Bradley Cross,Center Left Defender,4,0,0,-1,,,,1,262785,29,262785.0,840.0,14',2025-11-30 06:14:16
13808,760673,7081,home,0,3-4-2-1,1,1,14,208363,Inácio Santos,Center Defender,5,0,0,-1,,,,0,0,-1,,,,2025-11-30 06:14:16
13808,760673,7081,home,0,3-4-2-1,1,1,4,262787,Zitha Macheke,Center Right Defender,6,0,0,-1,,,,0,0,-1,,,,2025-11-30 06:14:16
13808,760673,7081,home,0,3-4-2-1,1,1,6,261013,Lebohang Maboe,Center Right Midfielder,7,0,0,-1,,,,0,0,-1,,,,2025-11-30 06:14:16
13808,760673,7081,home,0,3-4-2-1,1,1,5,309103,Sibongiseni Mthethwa,Center Left Midfielder,8,0,0,-1,,,,1,277026,12,277026.0,4380.0,73',2025-11-30 06:14:16
13808,760673,7081,home,0,3-4-2-1,1,1,40,347401,Etiosa Ighodaro,Forward,9,0,0,-1,,,,1,408396,32,408396.0,4380.0,73',2025-11-30 06:14:16
13808,760673,7081,home,0,3-4-2-1,1,1,10,204806,Leandro Sirino,Center Right Forward,10,0,0,-1,,,,1,380673,28,380673.0,1140.0,19',2025-11-30 06:14:16
13808,760673,7081,home,0,3-4-2-1,1,1,7,332564,Mduduzi Shabalala,Center Left Forward,11,0,0,-1,,,,0,0,-1,,,,2025-11-30 06:14:16
13808,760673,7081,home,0,3-4-2-1,1,0,22,324943,Lehlogonolo Matlou,Substitute,0,0,0,-1,,,,0,0,-1,,,,2025-11-30 06:14:16
13808,760673,7081,home,0,3-4-2-1,1,0,28,380673,Mfundo Vilakazi,Substitute,0,1,204806,10,204806.0,1140.0,19',0,0,-1,,,,2025-11-30 06:14:16
13808,760673,7081,home,0,3-4-2-1,1,0,32,408396,Flávio Silva,Substitute,0,1,347401,40,347401.0,4380.0,73',0,0,-1,,,,2025-11-30 06:14:16
13808,760673,7081,home,0,3-4-2-1,1,0,16,261004,Bruce Bvuma,Substitute,0,0,0,-1,,,,0,0,-1,,,,2025-11-30 06:14:16
13808,760673,7081,home,0,3-4-2-1,1,0,17,313782,Asenele Velebayi,Substitute,0,1,309039,13,309039.0,2700.0,45',0,0,-1,,,,2025-11-30 06:14:16
13808,760673,7081,home,0,3-4-2-1,1,0,2,287484,James Monyane,Substitute,0,0,0,-1,,,,0,0,-1,,,,2025-11-30 06:14:16
13808,760673,7081,home,0,3-4-2-1,1,0,12,277026,Nkosingiphile Ngcobo,Substitute,0,1,309103,5,309103.0,4380.0,73',0,0,-1,,,,2025-11-30 06:14:16
13808,760673,7081,home,0,3-4-2-1,1,0,25,276774,Spiwe Given Msimango,Substitute,0,0,0,-1,,,,0,0,-1,,,,2025-11-30 06:14:16
13808,760673,7081,home,0,3-4-2-1,1,0,29,262785,Paseka Mako,Substitute,0,1,310593,27,310593.0,840.0,14',0,0,-1,,,,2025-11-30 06:14:16
13808,760673,8392,away,0,4-3-3,1,1,16,299364,Mohamed Sobhy,Goalkeeper,1,0,0,-1,,,,0,0,-1,,,,2025-11-30 06:14:16
13808,760673,8392,away,0,4-3-3,1,1,4,163194,Omar Gaber,Right Back,2,0,0,-1,,,,0,0,-1,,,,2025-11-30 06:14:16
13808,760673,8392,away,0,4-3-3,1,1,13,265176,Ahmed Fatouh,Left Back,3,0,0,-1,,,,0,0,-1,,,,2025-11-30 06:14:16
13808,760673,8392,away,0,4-3-3,1,1,24,414439,Mohamed Ismail,Center Midfielder,4,0,0,-1,,,,1,358702,3,358702.0,4620.0,77',2025-11-30 06:14:16
13808,760673,8392,away,0,4-3-3,1,1,28,187546,Mahmoud El-Wensh,Center Right Defender,5,0,0,-1,,,,0,0,-1,,,,2025-11-30 06:14:16
13808,760673,8392,away,0,4-3-3,1,1,5,308926,Hossam Abdelmaguid,Center Left Defender,6,0,0,-1,,,,0,0,-1,,,,2025-11-30 06:14:16
13808,760673,8392,away,0,4-3-3,1,1,17,380180,Mohamed Shehata,Right Midfielder,7,0,0,-1,,,,0,0,-1,,,,2025-11-30 06:14:16
13808,760673,8392,away,0,4-3-3,1,1,22,256060,Nasser Maher,Left Midfielder,8,0,0,-1,,,,1,332390,18,332390.0,5280.0,88',2025-11-30 06:14:16
13808,760673,8392,away,0,4-3-3,1,1,30,232612,Seifeddine Jaziri,Forward,9,0,0,-1,,,,1,280495,27,280495.0,3420.0,57',2025-11-30 06:14:16
13808,760673,8392,away,0,4-3-3,1,1,33,357322,Juan Alvina Bezerra,Right Forward,10,0,0,-1,,,,1,414440,31,414440.0,5280.0,88',2025-11-30 06:14:16
13808,760673,8392,away,0,4-3-3,1,1,32,256996,Chico Banza,Left Forward,11,0,0,-1,,,,0,0,-1,,,,2025-11-30 06:14:16
13808,760673,8392,away,0,4-3-3,1,0,18,332390,Adam Kaied,Substitute,0,1,256060,22,256060.0,5280.0,88',0,0,-1,,,,2025-11-30 06:14:16
13808,760673,8392,away,0,4-3-3,1,0,3,358702,Mahmoud Bentayg,Substitute,0,1,414439,24,414439.0,4620.0,77',0,0,-1,,,,2025-11-30 06:14:16
13808,760673,8392,away,0,4-3-3,1,0,23,376341,Abdel Maâli,Substitute,0,0,0,-1,,,,0,0,-1,,,,2025-11-30 06:14:16
13808,760673,8392,away,0,4-3-3,1,0,7,308927,Seif Gaafar,Substitute,0,0,0,-1,,,,0,0,-1,,,,2025-11-30 06:14:16
13808,760673,8392,away,0,4-3-3,1,0,6,382438,Mahmoud Gehad,Substitute,0,0,0,-1,,,,0,0,-1,,,,2025-11-30 06:14:16
13808,760673,8392,away,0,4-3-3,1,0,38,385156,Baron Ochieng,Substitute,0,0,0,-1,,,,0,0,-1,,,,2025-11-30 06:14:16
13808,760673,8392,away,0,4-3-3,1,0,35,393619,Mahmoud El Shenawy,Substitute,0,0,0,-1,,,,0,0,-1,,,,2025-11-30 06:14:16
13808,760673,8392,away,0,4-3-3,1,0,27,280495,Oday Dabbagh,Substitute,0,1,232612,30,232612.0,3420.0,57',0,0,-1,,,,2025-11-30 06:14:16
13808,760673,8392,away,0,4-3-3,1,0,31,414440,Ahmed Sherif,Substitute,0,1,357322,33,357322.0,5280.0,88',0,0,-1,,,,2025-11-30 06:14:16
13808,760674,8063,home,0,4-3-3,1,1,40,414974,Philip Sakauta,Goalkeeper,1,0,0,-1,,,,0,0,-1,,,,2025-11-29 06:12:44
13808,760674,8063,home,0,4-3-3,1,1,30,308390,Benedict Chepeshi,Right Back,2,0,0,-1,,,,1,414704,24,414704.0,2700.0,45',2025-11-29 06:12:44
13808,760674,8063,home,0,4-3-3,1,1,21,256647,Shemmy Mayembe,Left Back,3,0,0,-1,,,,1,308386,39,308386.0,2700.0,45',2025-11-29 06:12:44
13808,760674,8063,home,0,4-3-3,1,1,19,308391,Leonard Mulenga,Center Midfielder,4,0,0,-1,,,,0,0,-1,,,,2025-11-29 06:12:44
13808,760674,8063,home,0,4-3-3,1,1,18,414970,Fils Vitalis Gantar,Center Right Defender,5,0,0,-1,,,,0,0,-1,,,,2025-11-29 06:12:44
13808,760674,8063,home,0,4-3-3,1,1,5,187200,Kabaso Chongo,Center Left Defender,6,0,0,-1,,,,0,0,-1,,,,2025-11-29 06:12:44
13808,760674,8063,home,0,4-3-3,1,1,25,274125,Lindo Mkhonta,Right Midfielder,7,0,0,-1,,,,0,0,-1,,,,2025-11-29 06:12:44
13808,760674,8063,home,0,4-3-3,1,1,28,414972,Peter Musukuma,Left Midfielder,8,0,0,-1,,,,0,0,-1,,,,2025-11-29 06:12:44
13808,760674,8063,home,0,4-3-3,1,1,29,380838,Freddy Kouablan,Forward,9,0,0,-1,,,,1,414971,8,414971.0,4200.0,70',2025-11-29 06:12:44
13808,760674,8063,home,0,4-3-3,1,1,6,386181,David Simukonda,Right Forward,10,0,0,-1,,,,0,0,-1,,,,2025-11-29 06:12:44
13808,760674,8063,home,0,4-3-3,1,1,17,335751,Abraham Siankombo,Left Forward,11,0,0,-1,,,,1,415187,27,415187.0,4200.0,70',2025-11-29 06:12:44
13808,760674,8063,home,0,4-3-3,1,0,13,363499,Gift Mphande,Substitute,0,0,0,-1,,,,0,0,-1,,,,2025-11-29 06:12:44
13808,760674,8063,home,0,4-3-3,1,0,39,308386,Zacharia Chilongoshi,Substitute,0,1,256647,21,256647.0,2700.0,45',0,0,-1,,,,2025-11-29 06:12:44
13808,760674,8063,home,0,4-3-3,1,0,35,359049,Victor Sochima,Substitute,0,0,0,-1,,,,0,0,-1,,,,2025-11-29 06:12:44
13808,760674,8063,home,0,4-3-3,1,0,26,363283,Mathews Chabala,Substitute,0,0,0,-1,,,,0,0,-1,,,,2025-11-29 06:12:44
13808,760674,8063,home,0,4-3-3,1,0,27,415187,Chijoke Alaekwe,Substitute,0,1,335751,17,335751.0,4200.0,70',0,0,-1,,,,2025-11-29 06:12:44
13808,760674,8063,home,0,4-3-3,1,0,14,405201,Anthony Chiyuka,Substitute,0,0,0,-1,,,,0,0,-1,,,,2025-11-29 06:12:44
13808,760674,8063,home,0,4-3-3,1,0,24,414704,Pascal Phiri,Substitute,0,1,308390,30,308390.0,2700.0,45',0,0,-1,,,,2025-11-29 06:12:44
13808,760674,8063,home,0,4-3-3,1,0,8,414971,Oghenemarho Ifoni,Substitute,0,1,380838,29,380838.0,4200.0,70',0,0,-1,,,,2025-11-29 06:12:44
13808,760674,8063,home,0,4-3-3,1,0,12,414973,Samson Ngoma,Substitute,0,0,0,-1,,,,0,0,-1,,,,2025-11-29 06:12:44
13808,760674,7339,away,1,4-3-2-1,1,1,16,356187,Mahmoud Hamdy,Goalkeeper,1,0,0,-1,,,,0,0,-1,,,,2025-11-29 06:12:44
13808,760674,7339,away,1,4-3-2-1,1,1,7,273357,Karim El Eraki,Right Back,2,0,0,-1,,,,0,0,-1,,,,2025-11-29 06:12:44
13808,760674,7339,away,1,4-3-2-1,1,1,3,257356,Ahmed Mansour,Left Back,3,0,0,-1,,,,0,0,-1,,,,2025-11-29 06:12:44
13808,760674,7339,away,1,4-3-2-1,1,1,21,333441,Bonheur Mugisha,Center Midfielder,4,0,0,-1,,,,0,0,-1,,,,2025-11-29 06:12:44
13808,760674,7339,away,1,4-3-2-1,1,1,29,284617,Mohamed Hashem,Center Right Defender,5,0,0,-1,,,,0,0,-1,,,,2025-11-29 06:12:44
13808,760674,7339,away,1,4-3-2-1,1,1,5,391108,Khaled Sobhy,Center Left Defender,6,0,0,-1,,,,0,0,-1,,,,2025-11-29 06:12:44
13808,760674,7339,away,1,4-3-2-1,1,1,8,299536,Hassan Ali,Center Left Midfielder,7,0,0,-1,,,,1,284620,10,284620.0,4020.0,67',2025-11-29 06:12:44
13808,760674,7339,away,1,4-3-2-1,1,1,14,299620,Mahmoud Hamada,Center Right Midfielder,8,0,0,-1,,,,0,0,-1,,,,2025-11-29 06:12:44
13808,760674,7339,away,1,4-3-2-1,1,1,25,397049,Mounder Temine,Forward,9,0,0,-1,,,,1,272754,20,272754.0,4560.0,76',2025-11-29 06:12:44
13808,760674,7339,away,1,4-3-2-1,1,1,15,395394,Ahmed El Armouty,Center Right Forward,10,0,0,-1,,,,1,266061,22,266061.0,4560.0,76',2025-11-29 06:12:44
13808,760674,7339,away,1,4-3-2-1,1,1,30,273162,Abderrahim Deghmoum,Center Left Forward,11,0,0,-1,,,,1,395395,37,395395.0,5400.0,90'+8',2025-11-29 06:12:44
13808,760674,7339,away,1,4-3-2-1,1,0,13,393563,Amr El Saadawy,Substitute,0,0,0,-1,,,,0,0,-1,,,,2025-11-29 06:12:44
13808,760674,7339,away,1,4-3-2-1,1,0,1,333185,Essam Tharwat,Substitute,0,0,0,-1,,,,0,0,-1,,,,2025-11-29 06:12:44
13808,760674,7339,away,1,4-3-2-1,1,0,35,414443,Mahmoud Ashraf,Substitute,0,0,0,-1,,,,0,0,-1,,,,2025-11-29 06:12:44
13808,760674,7339,away,1,4-3-2-1,1,0,10,284620,Mohamed Youssef,Substitute,0,1,299536,8,299536.0,4020.0,67',0,0,-1,,,,2025-11-29 06:12:44
13808,760674,7339,away,1,4-3-2-1,1,0,11,284619,Mohamed El Shamy,Substitute,0,0,0,-1,,,,0,0,-1,,,,2025-11-29 06:12:44
13808,760674,7339,away,1,4-3-2-1,1,0,37,395395,Ahmed Sharaf,Substitute,0,1,273162,30,273162.0,5400.0,90'+8',0,0,-1,,,,2025-11-29 06:12:44
13808,760674,7339,away,1,4-3-2-1,1,0,20,272754,Kingsley Eduwo,Substitute,0,1,397049,25,397049.0,4560.0,76',0,0,-1,,,,2025-11-29 06:12:44
13808,760674,7339,away,1,4-3-2-1,1,0,22,266061,Mohamed Gaber Tawfik,Substitute,0,1,395394,15,395394.0,4560.0,76',0,0,-1,,,,2025-11-29 06:12:44
13808,760674,7339,away,1,4-3-2-1,1,0,40,400977,Ahmed Ali,Substitute,0,0,0,-1,,,,0,0,-1,,,,2025-11-29 06:12:44
