seasonType,year,league,teamId,athleteId,appearances_value,subIns_value,foulsCommitted_value,foulsSuffered_value,yellowCards_value,redCards_value,ownGoals_value,goalAssists_value,offsides_value,shotsOnTarget_value,totalShots_value,totalGoals_value,shotsFaced_value,saves_value,goalsConceded_value,timestamp
12933,2024,CONCACAF.W.CHAMPIONS_CUP,15362,43770,1,0,0,0,0,0,0,0,0,1,1,1,0,0,0,2024-10-21 05:10:04
12933,2024,CONCACAF.W.CHAMPIONS_CUP,15362,95135,3,1,0,1,0,0,0,0,0,5,6,3,0,0,2,2024-10-21 05:10:04
12933,2024,CONCACAF.W.CHAMPIONS_CUP,21423,148404,4,1,0,1,0,0,0,0,0,5,6,4,0,0,3,2024-10-21 05:10:05
12933,2024,CONCACAF.W.CHAMPIONS_CUP,21423,158693,4,1,1,0,1,0,0,0,0,0,1,0,0,0,3,2024-10-21 05:10:05
12933,2024,CONCACAF.W.CHAMPIONS_CUP,15362,158780,2,1,0,0,0,0,0,0,0,0,0,0,0,0,3,2024-10-21 05:10:04
12933,2024,CONCACAF.W.CHAMPIONS_CUP,22413,158835,4,2,1,0,0,0,0,0,0,3,3,3,0,0,3,2024-10-21 05:10:06
12933,2024,CONCACAF.W.CHAMPIONS_CUP,22413,158839,3,0,0,0,0,0,0,0,0,0,0,0,0,3,5,2024-10-21 05:10:06
12933,2024,CONCACAF.W.CHAMPIONS_CUP,22413,158844,3,3,0,0,0,0,0,0,0,0,0,0,0,0,0,2024-10-21 05:10:06
12933,2024,CONCACAF.W.CHAMPIONS_CUP,15364,159061,1,1,0,0,0,0,0,0,0,0,0,0,0,0,0,2024-10-21 05:10:04
12933,2024,CONCACAF.W.CHAMPIONS_CUP,21537,159644,3,0,0,0,0,0,0,0,0,0,0,0,0,1,4,2024-10-21 05:10:04
12933,2024,CONCACAF.W.CHAMPIONS_CUP,15362,175977,3,0,0,0,0,0,0,0,0,0,0,0,0,0,3,2024-10-21 05:10:04
12933,2024,CONCACAF.W.CHAMPIONS_CUP,21537,176035,4,2,0,2,1,0,0,0,0,2,2,0,0,0,4,2024-10-21 05:10:04
12933,2024,CONCACAF.W.CHAMPIONS_CUP,21423,208915,3,1,0,0,0,0,0,0,0,0,0,0,0,0,0,2024-10-21 05:10:05
12933,2024,CONCACAF.W.CHAMPIONS_CUP,21537,209165,2,0,2,1,0,0,0,1,0,1,1,0,0,0,0,2024-10-21 05:10:04
12933,2024,CONCACAF.W.CHAMPIONS_CUP,21423,209278,3,0,1,0,0,1,0,0,0,0,0,0,0,0,2,2024-10-21 05:10:05
12933,2024,CONCACAF.W.CHAMPIONS_CUP,21423,209383,1,1,0,0,0,0,0,0,0,0,0,0,0,0,0,2024-10-21 05:10:05
12933,2024,CONCACAF.W.CHAMPIONS_CUP,15362,209537,3,1,2,0,0,0,0,0,0,0,0,0,0,0,2,2024-10-21 05:10:04
12933,2024,CONCACAF.W.CHAMPIONS_CUP,22413,209660,4,0,0,0,0,0,0,0,0,2,2,1,0,0,6,2024-10-21 05:10:06
12933,2024,CONCACAF.W.CHAMPIONS_CUP,22419,209762,3,0,0,0,0,0,0,0,0,1,1,1,0,0,9,2024-10-21 05:10:06
12933,2024,CONCACAF.W.CHAMPIONS_CUP,15364,209984,2,2,0,0,0,0,0,0,0,0,0,0,0,0,0,2024-10-21 05:10:04
12933,2024,CONCACAF.W.CHAMPIONS_CUP,22415,210325,4,0,1,2,0,0,0,0,0,5,9,3,0,0,3,2024-10-21 05:10:03
12933,2024,CONCACAF.W.CHAMPIONS_CUP,15364,211034,3,1,0,0,0,0,0,0,0,0,0,0,0,0,1,2024-10-21 05:10:04
12933,2024,CONCACAF.W.CHAMPIONS_CUP,21423,211037,2,0,0,1,0,0,0,0,0,0,0,0,0,0,3,2024-10-21 05:10:05
12933,2024,CONCACAF.W.CHAMPIONS_CUP,21423,211048,4,2,0,0,0,0,0,0,0,0,0,0,0,0,0,2024-10-21 05:10:05
12933,2024,CONCACAF.W.CHAMPIONS_CUP,21423,211051,4,0,0,0,0,0,0,0,0,1,1,1,0,0,3,2024-10-21 05:10:05
12933,2024,CONCACAF.W.CHAMPIONS_CUP,15364,211609,2,0,0,0,0,0,0,0,0,0,0,0,0,4,4,2024-10-21 05:10:04
12933,2024,CONCACAF.W.CHAMPIONS_CUP,15364,211968,3,2,1,0,0,0,0,0,0,3,4,3,0,0,0,2024-10-21 05:10:04
12933,2024,CONCACAF.W.CHAMPIONS_CUP,22413,219196,1,1,0,0,0,0,0,0,0,0,0,0,0,0,0,2024-10-21 05:10:06
12933,2024,CONCACAF.W.CHAMPIONS_CUP,22413,219205,3,1,0,0,0,0,0,0,0,0,0,0,0,0,4,2024-10-21 05:10:06
12933,2024,CONCACAF.W.CHAMPIONS_CUP,15362,219768,4,3,0,0,0,0,0,0,0,0,0,0,0,0,3,2024-10-21 05:10:04
12933,2024,CONCACAF.W.CHAMPIONS_CUP,15362,219821,1,0,0,0,0,0,0,0,0,0,0,0,0,0,1,2024-10-21 05:10:04
12933,2024,CONCACAF.W.CHAMPIONS_CUP,22420,219872,4,0,1,1,1,0,0,0,0,0,2,0,0,0,10,2024-10-21 05:10:02
12933,2024,CONCACAF.W.CHAMPIONS_CUP,22420,219874,4,0,0,0,0,0,0,0,0,0,0,0,0,5,10,2024-10-21 05:10:02
12933,2024,CONCACAF.W.CHAMPIONS_CUP,22420,219881,2,0,0,0,0,0,0,0,0,1,1,1,0,0,4,2024-10-21 05:10:02
12933,2024,CONCACAF.W.CHAMPIONS_CUP,22415,219988,4,0,0,0,0,0,0,0,0,0,0,0,0,3,3,2024-10-21 05:10:03
12933,2024,CONCACAF.W.CHAMPIONS_CUP,22413,220006,4,1,1,1,0,0,0,0,0,1,1,1,0,0,3,2024-10-21 05:10:06
12933,2024,CONCACAF.W.CHAMPIONS_CUP,15362,226079,4,2,2,0,0,0,0,0,0,0,0,0,0,0,2,2024-10-21 05:10:04
12933,2024,CONCACAF.W.CHAMPIONS_CUP,15364,227388,2,1,0,0,0,0,0,0,0,0,0,0,0,0,0,2024-10-21 05:10:04
12933,2024,CONCACAF.W.CHAMPIONS_CUP,21423,230968,1,1,0,1,0,0,0,0,0,0,0,0,0,0,0,2024-10-21 05:10:05
12933,2024,CONCACAF.W.CHAMPIONS_CUP,22413,238751,4,0,1,0,0,0,0,0,0,2,2,2,0,0,5,2024-10-21 05:10:06
12933,2024,CONCACAF.W.CHAMPIONS_CUP,22415,242075,4,1,0,1,1,0,0,0,0,3,6,3,0,0,1,2024-10-21 05:10:03
12933,2024,CONCACAF.W.CHAMPIONS_CUP,15364,242159,3,0,0,0,0,0,0,0,0,0,0,0,0,0,0,2024-10-21 05:10:04
12933,2024,CONCACAF.W.CHAMPIONS_CUP,15364,242965,2,1,3,0,0,0,0,1,0,0,0,0,0,0,4,2024-10-21 05:10:04
12933,2024,CONCACAF.W.CHAMPIONS_CUP,22413,243015,4,0,1,0,1,0,0,1,0,1,1,1,0,0,6,2024-10-21 05:10:06
12933,2024,CONCACAF.W.CHAMPIONS_CUP,15364,243052,1,0,0,0,0,0,0,0,0,0,0,0,0,0,0,2024-10-21 05:10:04
12933,2024,CONCACAF.W.CHAMPIONS_CUP,15364,245160,4,0,0,0,0,0,0,0,0,1,1,1,0,0,3,2024-10-21 05:10:04
12933,2024,CONCACAF.W.CHAMPIONS_CUP,21423,248830,3,1,1,1,0,0,0,0,0,1,2,0,0,0,3,2024-10-21 05:10:05
12933,2024,CONCACAF.W.CHAMPIONS_CUP,15364,255453,2,2,0,0,1,0,0,0,0,0,0,0,0,0,0,2024-10-21 05:10:04
12933,2024,CONCACAF.W.CHAMPIONS_CUP,21537,259180,4,0,1,0,1,0,0,0,0,2,3,2,0,0,4,2024-10-21 05:10:04
12933,2024,CONCACAF.W.CHAMPIONS_CUP,22415,259182,4,0,0,0,0,0,0,0,0,0,1,0,0,0,3,2024-10-21 05:10:03
12933,2024,CONCACAF.W.CHAMPIONS_CUP,15364,259780,3,2,0,1,0,0,0,0,0,1,1,1,0,0,2,2024-10-21 05:10:04
12933,2024,CONCACAF.W.CHAMPIONS_CUP,15364,259791,4,1,1,0,0,0,0,0,0,4,4,2,0,0,2,2024-10-21 05:10:04
12933,2024,CONCACAF.W.CHAMPIONS_CUP,21423,261626,3,2,0,0,0,0,0,0,0,1,1,1,0,0,2,2024-10-21 05:10:05
12933,2024,CONCACAF.W.CHAMPIONS_CUP,15362,261920,2,1,0,0,0,0,0,0,0,0,0,0,0,0,1,2024-10-21 05:10:04
12933,2024,CONCACAF.W.CHAMPIONS_CUP,21423,261922,3,2,0,0,0,0,0,0,0,0,0,0,0,0,0,2024-10-21 05:10:05
12933,2024,CONCACAF.W.CHAMPIONS_CUP,22420,262172,4,1,0,0,0,0,0,0,0,0,0,0,0,0,8,2024-10-21 05:10:02
12933,2024,CONCACAF.W.CHAMPIONS_CUP,21423,262772,2,1,0,0,0,0,0,0,0,0,0,0,0,0,1,2024-10-21 05:10:05
12933,2024,CONCACAF.W.CHAMPIONS_CUP,22415,263878,2,2,0,0,0,0,0,0,0,1,1,1,0,0,0,2024-10-21 05:10:03
12933,2024,CONCACAF.W.CHAMPIONS_CUP,15364,263902,3,2,0,0,1,1,0,0,0,4,4,3,0,0,0,2024-10-21 05:10:04
12933,2024,CONCACAF.W.CHAMPIONS_CUP,15362,264637,3,0,0,0,0,0,0,0,0,0,0,0,0,1,4,2024-10-21 05:10:04
12933,2024,CONCACAF.W.CHAMPIONS_CUP,21423,264724,2,0,1,2,0,0,0,0,0,0,1,0,0,0,3,2024-10-21 05:10:05
12933,2024,CONCACAF.W.CHAMPIONS_CUP,15364,267389,3,0,3,0,0,0,0,0,0,1,1,1,0,0,4,2024-10-21 05:10:04
12933,2024,CONCACAF.W.CHAMPIONS_CUP,22420,272318,4,0,2,3,0,0,0,0,0,1,4,1,0,0,10,2024-10-21 05:10:02
12933,2024,CONCACAF.W.CHAMPIONS_CUP,22415,272482,3,0,2,0,0,0,0,0,0,0,0,0,0,0,3,2024-10-21 05:10:03
12933,2024,CONCACAF.W.CHAMPIONS_CUP,15362,276709,0,0,0,0,0,0,0,0,0,0,0,0,0,0,0,2024-10-21 05:10:04
12933,2024,CONCACAF.W.CHAMPIONS_CUP,22419,277886,4,0,0,0,0,0,0,0,0,0,0,0,0,4,16,2024-10-21 05:10:06
12933,2024,CONCACAF.W.CHAMPIONS_CUP,22413,279197,3,0,3,2,0,0,0,1,0,3,5,1,0,0,5,2024-10-21 05:10:06
12933,2024,CONCACAF.W.CHAMPIONS_CUP,22415,279298,3,0,1,1,0,0,0,0,0,0,0,0,0,0,3,2024-10-21 05:10:03
12933,2024,CONCACAF.W.CHAMPIONS_CUP,22413,279305,3,0,2,0,1,0,0,0,0,3,3,2,0,0,5,2024-10-21 05:10:06
12933,2024,CONCACAF.W.CHAMPIONS_CUP,15364,279307,4,1,2,0,1,0,0,1,0,2,2,2,0,0,4,2024-10-21 05:10:04
12933,2024,CONCACAF.W.CHAMPIONS_CUP,21537,279832,1,0,0,0,0,0,0,0,0,0,0,0,0,0,0,2024-10-21 05:10:04
12933,2024,CONCACAF.W.CHAMPIONS_CUP,15362,280975,3,0,0,0,0,0,0,0,0,2,2,1,0,0,3,2024-10-21 05:10:04
12933,2024,CONCACAF.W.CHAMPIONS_CUP,15364,280976,4,0,0,1,0,0,0,0,0,2,2,2,0,0,4,2024-10-21 05:10:04
12933,2024,CONCACAF.W.CHAMPIONS_CUP,22415,281513,3,1,0,0,0,0,0,0,0,0,0,0,0,0,3,2024-10-21 05:10:03
12933,2024,CONCACAF.W.CHAMPIONS_CUP,22420,281612,4,0,1,1,0,0,0,0,0,1,2,1,0,0,9,2024-10-21 05:10:02
12933,2024,CONCACAF.W.CHAMPIONS_CUP,22420,281622,1,0,0,0,0,0,0,0,0,1,1,1,0,0,0,2024-10-21 05:10:02
12933,2024,CONCACAF.W.CHAMPIONS_CUP,22422,281623,3,0,0,0,0,0,0,0,0,0,0,0,0,0,9,2024-10-21 05:10:05
12933,2024,CONCACAF.W.CHAMPIONS_CUP,22421,281649,4,0,0,0,0,0,0,0,0,0,0,0,0,0,29,2024-10-21 05:10:03
12933,2024,CONCACAF.W.CHAMPIONS_CUP,15362,282711,0,0,0,0,0,0,0,0,0,0,0,0,0,0,0,2024-10-21 05:10:04
12933,2024,CONCACAF.W.CHAMPIONS_CUP,21537,282854,4,2,1,0,1,0,0,0,0,3,5,3,0,0,2,2024-10-21 05:10:04
12933,2024,CONCACAF.W.CHAMPIONS_CUP,21423,283720,2,0,0,1,0,0,0,0,0,0,0,0,0,0,3,2024-10-21 05:10:05
12933,2024,CONCACAF.W.CHAMPIONS_CUP,22415,287323,4,0,0,0,0,0,0,0,0,3,4,2,0,0,3,2024-10-21 05:10:03
12933,2024,CONCACAF.W.CHAMPIONS_CUP,22413,287326,2,2,0,0,0,0,0,0,0,0,0,0,0,0,0,2024-10-21 05:10:06
12933,2024,CONCACAF.W.CHAMPIONS_CUP,21537,287339,4,2,0,1,0,0,0,0,0,1,2,0,0,0,3,2024-10-21 05:10:04
12933,2024,CONCACAF.W.CHAMPIONS_CUP,22413,288592,4,3,0,0,1,0,0,0,0,1,1,1,0,0,1,2024-10-21 05:10:06
12933,2024,CONCACAF.W.CHAMPIONS_CUP,22413,288594,3,0,0,1,0,0,0,0,0,0,0,0,0,0,5,2024-10-21 05:10:06
12933,2024,CONCACAF.W.CHAMPIONS_CUP,21537,288683,2,0,0,0,0,0,0,0,0,2,2,2,0,0,0,2024-10-21 05:10:04
12933,2024,CONCACAF.W.CHAMPIONS_CUP,22415,288708,1,0,0,0,0,0,0,0,0,0,0,0,0,0,0,2024-10-21 05:10:03
12933,2024,CONCACAF.W.CHAMPIONS_CUP,15364,290273,1,0,0,0,0,0,0,0,0,0,0,0,0,0,0,2024-10-21 05:10:04
12933,2024,CONCACAF.W.CHAMPIONS_CUP,15364,290278,3,1,0,2,0,0,0,1,0,1,2,1,0,0,4,2024-10-21 05:10:04
12933,2024,CONCACAF.W.CHAMPIONS_CUP,15364,292633,4,1,0,1,0,0,0,0,0,2,2,2,0,0,0,2024-10-21 05:10:04
12933,2024,CONCACAF.W.CHAMPIONS_CUP,15362,292699,2,2,0,0,0,0,0,0,0,1,1,1,0,0,2,2024-10-21 05:10:04
12933,2024,CONCACAF.W.CHAMPIONS_CUP,22415,292838,3,2,3,0,0,0,0,0,0,2,4,1,0,0,1,2024-10-21 05:10:03
12933,2024,CONCACAF.W.CHAMPIONS_CUP,15362,293006,3,1,0,0,0,0,0,0,0,0,0,0,0,0,1,2024-10-21 05:10:04
12933,2024,CONCACAF.W.CHAMPIONS_CUP,15362,293386,4,1,2,0,0,0,0,3,0,3,6,3,0,0,4,2024-10-21 05:10:04
12933,2024,CONCACAF.W.CHAMPIONS_CUP,15362,293932,2,0,0,0,0,0,0,0,0,0,1,0,0,0,1,2024-10-21 05:10:04
12933,2024,CONCACAF.W.CHAMPIONS_CUP,22419,296042,4,0,0,1,0,0,0,0,0,0,0,0,0,0,10,2024-10-21 05:10:06
12933,2024,CONCACAF.W.CHAMPIONS_CUP,22420,296489,4,0,0,1,0,0,0,0,0,0,1,0,0,0,10,2024-10-21 05:10:02
12933,2024,CONCACAF.W.CHAMPIONS_CUP,22420,296491,2,2,0,0,0,0,0,0,0,0,0,0,0,0,0,2024-10-21 05:10:02
12933,2024,CONCACAF.W.CHAMPIONS_CUP,15364,296893,2,1,0,1,0,0,0,0,0,1,1,1,0,0,4,2024-10-21 05:10:04
12933,2024,CONCACAF.W.CHAMPIONS_CUP,22420,298753,4,2,0,0,0,0,0,0,0,0,0,0,0,0,5,2024-10-21 05:10:02
12933,2024,CONCACAF.W.CHAMPIONS_CUP,22413,300135,0,0,0,0,0,0,0,0,0,0,0,0,0,0,0,2024-10-21 05:10:06
12933,2024,CONCACAF.W.CHAMPIONS_CUP,21537,300137,2,1,0,1,0,0,0,0,0,0,0,0,0,0,0,2024-10-21 05:10:04
12933,2024,CONCACAF.W.CHAMPIONS_CUP,22415,300138,2,0,1,0,0,0,0,0,0,0,0,0,0,0,0,2024-10-21 05:10:03
12933,2024,CONCACAF.W.CHAMPIONS_CUP,21423,300585,2,1,0,1,0,0,0,0,0,1,1,1,0,0,0,2024-10-21 05:10:05
12933,2024,CONCACAF.W.CHAMPIONS_CUP,15364,306701,2,1,1,0,0,0,0,0,0,0,0,0,0,0,4,2024-10-21 05:10:04
12933,2024,CONCACAF.W.CHAMPIONS_CUP,22415,310926,1,0,0,0,0,0,0,0,0,0,0,0,0,0,0,2024-10-21 05:10:03
12933,2024,CONCACAF.W.CHAMPIONS_CUP,15364,312479,1,0,0,0,0,0,0,0,0,0,0,0,0,0,0,2024-10-21 05:10:04
12933,2024,CONCACAF.W.CHAMPIONS_CUP,22413,314322,4,3,0,1,0,0,0,0,0,1,3,1,0,0,2,2024-10-21 05:10:06
12933,2024,CONCACAF.W.CHAMPIONS_CUP,21537,314323,4,1,1,1,0,0,0,1,0,0,0,0,0,0,4,2024-10-21 05:10:04
12933,2024,CONCACAF.W.CHAMPIONS_CUP,22422,317765,3,0,0,0,0,0,0,0,0,0,0,0,0,0,8,2024-10-21 05:10:05
12933,2024,CONCACAF.W.CHAMPIONS_CUP,22422,317767,1,0,0,0,0,0,0,0,0,0,0,0,0,0,4,2024-10-21 05:10:05
12933,2024,CONCACAF.W.CHAMPIONS_CUP,22422,317774,1,1,0,0,0,0,0,0,0,0,0,0,0,0,1,2024-10-21 05:10:05
12933,2024,CONCACAF.W.CHAMPIONS_CUP,21537,317893,4,1,0,0,0,0,0,0,0,0,1,0,0,0,4,2024-10-21 05:10:04
12933,2024,CONCACAF.W.CHAMPIONS_CUP,15362,318583,3,1,0,0,0,0,0,1,0,2,4,2,0,0,0,2024-10-21 05:10:04
12933,2024,CONCACAF.W.CHAMPIONS_CUP,15362,318869,2,1,0,0,0,0,0,0,0,2,2,2,0,0,4,2024-10-21 05:10:04
12933,2024,CONCACAF.W.CHAMPIONS_CUP,22413,320221,3,2,0,0,0,0,0,0,0,0,0,0,0,0,1,2024-10-21 05:10:06
12933,2024,CONCACAF.W.CHAMPIONS_CUP,21537,320236,2,1,0,0,0,0,0,0,0,0,0,0,0,0,2,2024-10-21 05:10:04
12933,2024,CONCACAF.W.CHAMPIONS_CUP,15362,321118,3,2,0,0,1,0,0,0,0,0,1,0,0,0,4,2024-10-21 05:10:04
12933,2024,CONCACAF.W.CHAMPIONS_CUP,22420,326070,2,0,0,0,0,0,0,0,0,0,0,0,0,0,4,2024-10-21 05:10:02
12933,2024,CONCACAF.W.CHAMPIONS_CUP,21423,326356,2,1,0,0,0,0,0,0,0,0,0,0,0,0,0,2024-10-21 05:10:05
12933,2024,CONCACAF.W.CHAMPIONS_CUP,21423,327930,0,0,0,0,0,0,0,0,0,0,0,0,0,0,0,2024-10-21 05:10:05
12933,2024,CONCACAF.W.CHAMPIONS_CUP,22413,328058,2,0,0,0,2,0,0,0,0,1,1,1,0,0,2,2024-10-21 05:10:06
12933,2024,CONCACAF.W.CHAMPIONS_CUP,15362,328084,3,0,0,0,0,0,0,0,0,0,0,0,0,0,4,2024-10-21 05:10:04
12933,2024,CONCACAF.W.CHAMPIONS_CUP,15364,328199,4,0,1,1,0,0,0,0,0,0,0,0,0,0,4,2024-10-21 05:10:04
12933,2024,CONCACAF.W.CHAMPIONS_CUP,22422,328226,4,0,0,0,2,0,0,0,0,1,1,1,0,0,11,2024-10-21 05:10:05
12933,2024,CONCACAF.W.CHAMPIONS_CUP,21537,328242,3,1,1,1,0,0,0,0,0,0,0,0,0,0,1,2024-10-21 05:10:04
12933,2024,CONCACAF.W.CHAMPIONS_CUP,22422,328349,4,0,0,0,0,0,0,0,0,0,0,0,0,0,11,2024-10-21 05:10:05
12933,2024,CONCACAF.W.CHAMPIONS_CUP,22415,331323,4,0,1,1,0,0,0,0,0,1,2,1,0,0,3,2024-10-21 05:10:03
12933,2024,CONCACAF.W.CHAMPIONS_CUP,22422,331500,4,0,0,0,0,0,0,0,0,1,1,1,0,0,11,2024-10-21 05:10:05
12933,2024,CONCACAF.W.CHAMPIONS_CUP,22419,332786,4,1,0,0,0,0,0,0,0,0,0,0,0,0,9,2024-10-21 05:10:06
12933,2024,CONCACAF.W.CHAMPIONS_CUP,15362,335326,3,1,0,0,0,0,0,0,0,0,0,0,0,0,4,2024-10-21 05:10:04
12933,2024,CONCACAF.W.CHAMPIONS_CUP,21423,335586,4,0,0,1,1,0,0,0,0,0,0,0,0,0,3,2024-10-21 05:10:05
12933,2024,CONCACAF.W.CHAMPIONS_CUP,21537,343650,2,0,0,0,1,0,0,0,0,0,0,0,0,0,3,2024-10-21 05:10:04
12933,2024,CONCACAF.W.CHAMPIONS_CUP,22413,344389,0,0,0,0,0,0,0,0,0,0,0,0,0,0,0,2024-10-21 05:10:06
12933,2024,CONCACAF.W.CHAMPIONS_CUP,22415,344418,0,0,0,0,0,0,0,0,0,0,0,0,0,0,0,2024-10-21 05:10:03
12933,2024,CONCACAF.W.CHAMPIONS_CUP,22413,344421,0,0,0,0,0,0,0,0,0,0,0,0,0,0,0,2024-10-21 05:10:06
12933,2024,CONCACAF.W.CHAMPIONS_CUP,22413,344425,0,0,0,0,0,0,0,0,0,0,0,0,0,0,0,2024-10-21 05:10:06
12933,2024,CONCACAF.W.CHAMPIONS_CUP,22419,344433,3,1,1,0,0,0,0,0,0,1,1,0,0,0,12,2024-10-21 05:10:06
12933,2024,CONCACAF.W.CHAMPIONS_CUP,22419,344439,1,0,0,0,0,0,0,0,0,0,0,0,0,0,7,2024-10-21 05:10:06
12933,2024,CONCACAF.W.CHAMPIONS_CUP,22419,344445,3,0,0,1,0,0,0,0,0,0,2,0,0,0,15,2024-10-21 05:10:06
12933,2024,CONCACAF.W.CHAMPIONS_CUP,21423,346600,2,0,1,0,0,0,0,0,0,1,1,0,0,0,1,2024-10-21 05:10:05
12933,2024,CONCACAF.W.CHAMPIONS_CUP,22419,347891,2,0,0,0,0,0,0,0,0,0,0,0,0,0,7,2024-10-21 05:10:06
12933,2024,CONCACAF.W.CHAMPIONS_CUP,22419,347897,4,2,0,0,0,0,0,0,0,0,0,0,0,0,11,2024-10-21 05:10:06
12933,2024,CONCACAF.W.CHAMPIONS_CUP,22420,349425,3,1,2,1,1,0,0,0,0,0,1,0,0,0,5,2024-10-21 05:10:02
12933,2024,CONCACAF.W.CHAMPIONS_CUP,22420,349427,4,1,0,0,0,0,0,0,0,0,1,0,0,0,6,2024-10-21 05:10:02
12933,2024,CONCACAF.W.CHAMPIONS_CUP,22420,349428,4,0,2,2,0,0,0,0,0,0,0,0,0,0,10,2024-10-21 05:10:02
12933,2024,CONCACAF.W.CHAMPIONS_CUP,15362,349582,4,1,0,0,0,0,0,0,0,0,0,0,0,0,1,2024-10-21 05:10:04
12933,2024,CONCACAF.W.CHAMPIONS_CUP,22415,351881,4,2,0,0,0,0,0,0,0,0,2,0,0,0,2,2024-10-21 05:10:03
12933,2024,CONCACAF.W.CHAMPIONS_CUP,22415,351882,4,4,0,0,0,0,0,0,0,1,1,1,0,0,0,2024-10-21 05:10:03
12933,2024,CONCACAF.W.CHAMPIONS_CUP,21537,352043,1,0,1,1,0,0,0,1,0,0,2,0,0,0,0,2024-10-21 05:10:04
12933,2024,CONCACAF.W.CHAMPIONS_CUP,22420,354440,2,0,1,3,0,0,0,0,0,1,1,0,0,0,6,2024-10-21 05:10:02
12933,2024,CONCACAF.W.CHAMPIONS_CUP,22420,354442,4,3,0,0,0,0,0,0,0,0,0,0,0,0,1,2024-10-21 05:10:02
12933,2024,CONCACAF.W.CHAMPIONS_CUP,22422,354534,2,0,0,0,0,0,0,0,0,0,0,0,0,0,3,2024-10-21 05:10:05
12933,2024,CONCACAF.W.CHAMPIONS_CUP,22422,354539,4,1,0,0,1,0,0,0,0,0,0,0,0,0,8,2024-10-21 05:10:05
12933,2024,CONCACAF.W.CHAMPIONS_CUP,21537,359255,3,2,1,1,1,0,0,0,0,0,1,0,0,0,2,2024-10-21 05:10:04
12933,2024,CONCACAF.W.CHAMPIONS_CUP,21423,360902,3,0,0,0,0,0,0,0,0,0,0,0,0,0,2,2024-10-21 05:10:05
12933,2024,CONCACAF.W.CHAMPIONS_CUP,22413,361596,3,0,0,2,0,0,0,0,0,4,5,4,0,0,6,2024-10-21 05:10:06
12933,2024,CONCACAF.W.CHAMPIONS_CUP,22422,364120,3,2,0,0,0,0,0,0,0,0,0,0,0,0,3,2024-10-21 05:10:05
12933,2024,CONCACAF.W.CHAMPIONS_CUP,22420,364495,2,2,1,0,0,0,0,0,0,0,0,0,0,0,4,2024-10-21 05:10:02
12933,2024,CONCACAF.W.CHAMPIONS_CUP,22420,364496,0,0,0,0,0,0,0,0,0,0,0,0,0,0,0,2024-10-21 05:10:02
12933,2024,CONCACAF.W.CHAMPIONS_CUP,22421,364508,3,0,0,0,1,0,0,0,0,1,1,1,0,0,24,2024-10-21 05:10:03
12933,2024,CONCACAF.W.CHAMPIONS_CUP,22421,364513,4,0,0,0,0,0,0,0,0,0,0,0,0,0,29,2024-10-21 05:10:03
12933,2024,CONCACAF.W.CHAMPIONS_CUP,22421,364516,2,0,0,0,0,0,0,0,0,0,0,0,0,0,3,2024-10-21 05:10:03
12933,2024,CONCACAF.W.CHAMPIONS_CUP,21537,364526,4,1,2,2,0,0,0,0,0,1,4,0,0,0,3,2024-10-21 05:10:04
12933,2024,CONCACAF.W.CHAMPIONS_CUP,21537,364533,3,1,0,0,0,0,0,0,0,0,0,0,0,0,1,2024-10-21 05:10:04
12933,2024,CONCACAF.W.CHAMPIONS_CUP,22422,364545,4,0,0,0,0,0,0,0,0,0,0,0,0,0,11,2024-10-21 05:10:05
12933,2024,CONCACAF.W.CHAMPIONS_CUP,22419,368136,4,0,0,0,0,0,0,0,0,0,1,0,0,0,12,2024-10-21 05:10:06
12933,2024,CONCACAF.W.CHAMPIONS_CUP,22420,372670,4,4,0,0,0,0,0,0,0,2,2,2,0,0,0,2024-10-21 05:10:02
12933,2024,CONCACAF.W.CHAMPIONS_CUP,22415,377166,1,0,2,0,0,0,0,0,0,0,3,0,0,0,0,2024-10-21 05:10:03
12933,2024,CONCACAF.W.CHAMPIONS_CUP,22420,377205,1,1,0,0,0,0,0,0,0,0,0,0,0,0,0,2024-10-21 05:10:02
12933,2024,CONCACAF.W.CHAMPIONS_CUP,15362,380040,4,1,0,1,0,0,0,1,0,1,2,0,0,0,5,2024-10-21 05:10:04
12933,2024,CONCACAF.W.CHAMPIONS_CUP,21423,380042,4,2,0,1,0,0,0,0,0,0,0,0,0,0,0,2024-10-21 05:10:05
12933,2024,CONCACAF.W.CHAMPIONS_CUP,22415,380639,4,0,1,0,1,0,0,0,0,1,2,1,0,0,3,2024-10-21 05:10:03
12933,2024,CONCACAF.W.CHAMPIONS_CUP,15362,381584,2,0,0,0,0,0,0,0,0,0,0,0,0,0,1,2024-10-21 05:10:04
12933,2024,CONCACAF.W.CHAMPIONS_CUP,21423,382797,1,0,0,0,0,0,0,0,0,0,0,0,0,0,0,2024-10-21 05:10:05
12933,2024,CONCACAF.W.CHAMPIONS_CUP,22420,384629,2,0,2,0,1,0,0,0,0,0,0,0,0,0,6,2024-10-21 05:10:02
12933,2024,CONCACAF.W.CHAMPIONS_CUP,22415,384630,1,1,0,0,0,0,0,0,0,0,0,0,0,0,0,2024-10-21 05:10:03
12933,2024,CONCACAF.W.CHAMPIONS_CUP,22415,386655,0,0,0,0,0,0,0,0,0,0,0,0,0,0,0,2024-10-21 05:10:03
12933,2024,CONCACAF.W.CHAMPIONS_CUP,22415,386669,0,0,0,0,0,0,0,0,0,0,0,0,0,0,0,2024-10-21 05:10:03
12933,2024,CONCACAF.W.CHAMPIONS_CUP,22420,386985,2,2,0,0,0,0,0,0,0,0,0,0,0,0,2,2024-10-21 05:10:02
12933,2024,CONCACAF.W.CHAMPIONS_CUP,22415,387852,1,1,0,0,0,0,0,0,0,1,1,1,0,0,0,2024-10-21 05:10:03
12933,2024,CONCACAF.W.CHAMPIONS_CUP,21537,393141,0,0,0,0,0,0,0,0,0,0,0,0,0,0,0,2024-10-21 05:10:04
12933,2024,CONCACAF.W.CHAMPIONS_CUP,22415,393142,2,1,0,0,0,0,0,0,0,0,0,0,0,0,2,2024-10-21 05:10:03
12933,2024,CONCACAF.W.CHAMPIONS_CUP,21537,393144,3,0,2,0,0,0,0,0,0,0,0,0,0,0,4,2024-10-21 05:10:04
12933,2024,CONCACAF.W.CHAMPIONS_CUP,22413,393145,3,0,0,2,1,0,0,0,0,0,0,0,0,0,5,2024-10-21 05:10:06
12933,2024,CONCACAF.W.CHAMPIONS_CUP,22413,393146,1,0,0,0,0,0,0,0,0,0,0,0,0,0,1,2024-10-21 05:10:06
12933,2024,CONCACAF.W.CHAMPIONS_CUP,22415,393149,1,1,0,0,0,0,0,0,0,0,0,0,0,0,0,2024-10-21 05:10:03
12933,2024,CONCACAF.W.CHAMPIONS_CUP,21537,393152,1,0,0,0,0,0,0,0,0,1,1,1,0,0,0,2024-10-21 05:10:04
12933,2024,CONCACAF.W.CHAMPIONS_CUP,21537,393153,1,0,0,0,0,0,0,0,0,0,0,0,0,0,0,2024-10-21 05:10:04
12933,2024,CONCACAF.W.CHAMPIONS_CUP,21537,393156,2,1,1,1,0,0,0,0,0,0,0,0,0,0,0,2024-10-21 05:10:04
12933,2024,CONCACAF.W.CHAMPIONS_CUP,21537,393157,1,0,0,0,0,0,0,0,0,0,0,0,0,0,3,2024-10-21 05:10:04
12933,2024,CONCACAF.W.CHAMPIONS_CUP,22413,393169,1,1,0,0,0,0,0,0,0,0,0,0,0,0,0,2024-10-21 05:10:06
12933,2024,CONCACAF.W.CHAMPIONS_CUP,22413,393170,1,0,0,0,0,0,0,0,0,0,0,0,0,0,1,2024-10-21 05:10:06
12933,2024,CONCACAF.W.CHAMPIONS_CUP,21537,393171,2,2,0,0,1,0,0,0,0,0,0,0,0,0,2,2024-10-21 05:10:04
12933,2024,CONCACAF.W.CHAMPIONS_CUP,21537,393201,0,0,0,0,0,0,0,0,0,0,0,0,0,0,0,2024-10-21 05:10:04
12933,2024,CONCACAF.W.CHAMPIONS_CUP,22415,393202,1,1,0,0,0,0,0,0,0,0,0,0,0,0,0,2024-10-21 05:10:03
12933,2024,CONCACAF.W.CHAMPIONS_CUP,21537,393203,0,0,0,0,0,0,0,0,0,0,0,0,0,0,0,2024-10-21 05:10:04
12933,2024,CONCACAF.W.CHAMPIONS_CUP,22415,393212,0,0,0,0,0,0,0,0,0,0,0,0,0,0,0,2024-10-21 05:10:03
12933,2024,CONCACAF.W.CHAMPIONS_CUP,22415,393213,0,0,0,0,0,0,0,0,0,0,0,0,0,0,0,2024-10-21 05:10:03
12933,2024,CONCACAF.W.CHAMPIONS_CUP,22421,393214,4,0,0,0,0,0,0,0,0,0,0,0,0,0,22,2024-10-21 05:10:03
12933,2024,CONCACAF.W.CHAMPIONS_CUP,22422,393215,3,0,0,0,0,0,0,0,0,0,0,0,0,0,5,2024-10-21 05:10:05
12933,2024,CONCACAF.W.CHAMPIONS_CUP,22421,393219,2,0,0,0,0,0,0,0,0,0,0,0,0,0,14,2024-10-21 05:10:03
12933,2024,CONCACAF.W.CHAMPIONS_CUP,22422,393220,4,4,0,0,1,0,0,0,0,0,0,0,0,0,2,2024-10-21 05:10:05
12933,2024,CONCACAF.W.CHAMPIONS_CUP,22421,393221,2,0,0,0,0,0,0,0,0,0,0,0,0,0,9,2024-10-21 05:10:03
12933,2024,CONCACAF.W.CHAMPIONS_CUP,22420,393223,0,0,0,0,0,0,0,0,0,0,0,0,0,0,0,2024-10-21 05:10:02
12933,2024,CONCACAF.W.CHAMPIONS_CUP,22420,393224,0,0,0,0,0,0,0,0,0,0,0,0,0,0,0,2024-10-21 05:10:02
12933,2024,CONCACAF.W.CHAMPIONS_CUP,22420,393225,0,0,0,0,0,0,0,0,0,0,0,0,0,0,0,2024-10-21 05:10:02
12933,2024,CONCACAF.W.CHAMPIONS_CUP,22422,393227,0,0,0,0,0,0,0,0,0,0,0,0,0,0,0,2024-10-21 05:10:05
12933,2024,CONCACAF.W.CHAMPIONS_CUP,22419,393228,3,0,0,0,1,0,0,0,0,0,0,0,0,0,10,2024-10-21 05:10:06
12933,2024,CONCACAF.W.CHAMPIONS_CUP,22419,393229,4,1,0,0,0,0,0,0,0,0,1,0,0,0,13,2024-10-21 05:10:06
12933,2024,CONCACAF.W.CHAMPIONS_CUP,22422,393230,4,1,0,0,1,0,0,0,0,0,0,0,0,0,10,2024-10-21 05:10:05
12933,2024,CONCACAF.W.CHAMPIONS_CUP,22422,393231,3,3,0,0,1,0,0,0,0,0,0,0,0,0,0,2024-10-21 05:10:05
12933,2024,CONCACAF.W.CHAMPIONS_CUP,22422,393232,0,0,0,0,0,0,0,0,0,0,0,0,0,0,0,2024-10-21 05:10:05
12933,2024,CONCACAF.W.CHAMPIONS_CUP,22422,393233,0,0,0,0,0,0,0,0,0,0,0,0,0,0,0,2024-10-21 05:10:05
12933,2024,CONCACAF.W.CHAMPIONS_CUP,22419,393240,1,1,0,0,0,0,0,0,0,0,1,0,0,0,2,2024-10-21 05:10:06
12933,2024,CONCACAF.W.CHAMPIONS_CUP,22419,393242,3,2,0,0,0,0,0,0,0,0,0,0,0,0,7,2024-10-21 05:10:06
12933,2024,CONCACAF.W.CHAMPIONS_CUP,22419,393245,1,1,0,0,0,0,0,0,0,0,0,0,0,0,1,2024-10-21 05:10:06
12933,2024,CONCACAF.W.CHAMPIONS_CUP,22419,393246,4,0,0,1,0,0,0,0,0,1,1,1,0,0,10,2024-10-21 05:10:06
12933,2024,CONCACAF.W.CHAMPIONS_CUP,22419,393247,0,0,0,0,0,0,0,0,0,0,0,0,0,0,0,2024-10-21 05:10:06
12933,2024,CONCACAF.W.CHAMPIONS_CUP,22419,393248,0,0,0,0,0,0,0,0,0,0,0,0,0,0,0,2024-10-21 05:10:06
12933,2024,CONCACAF.W.CHAMPIONS_CUP,22419,393249,0,0,0,0,0,0,0,0,0,0,0,0,0,0,0,2024-10-21 05:10:06
12933,2024,CONCACAF.W.CHAMPIONS_CUP,22419,393250,1,1,0,0,0,0,0,0,0,0,0,0,0,0,1,2024-10-21 05:10:06
12933,2024,CONCACAF.W.CHAMPIONS_CUP,22419,393251,4,0,1,0,0,0,0,0,0,0,0,0,0,0,16,2024-10-21 05:10:06
12933,2024,CONCACAF.W.CHAMPIONS_CUP,22419,393252,2,2,0,0,0,0,0,0,0,0,1,0,0,0,3,2024-10-21 05:10:06
12933,2024,CONCACAF.W.CHAMPIONS_CUP,22422,393257,3,1,0,0,0,0,0,0,0,0,0,0,0,0,3,2024-10-21 05:10:05
12933,2024,CONCACAF.W.CHAMPIONS_CUP,22422,393258,0,0,0,0,0,0,0,0,0,0,0,0,0,0,0,2024-10-21 05:10:05
12933,2024,CONCACAF.W.CHAMPIONS_CUP,22421,393259,0,0,0,0,0,0,0,0,0,0,0,0,0,0,0,2024-10-21 05:10:03
12933,2024,CONCACAF.W.CHAMPIONS_CUP,22421,393260,4,4,0,0,0,0,0,0,0,0,0,0,0,0,13,2024-10-21 05:10:03
12933,2024,CONCACAF.W.CHAMPIONS_CUP,22421,393261,0,0,0,0,0,0,0,0,0,0,0,0,0,0,0,2024-10-21 05:10:03
12933,2024,CONCACAF.W.CHAMPIONS_CUP,22421,393262,0,0,0,0,0,0,0,0,0,0,0,0,0,0,0,2024-10-21 05:10:03
12933,2024,CONCACAF.W.CHAMPIONS_CUP,22422,393263,4,0,0,0,1,0,0,0,0,0,0,0,0,0,11,2024-10-21 05:10:05
12933,2024,CONCACAF.W.CHAMPIONS_CUP,22421,393264,3,2,0,0,0,0,0,0,0,0,0,0,0,0,11,2024-10-21 05:10:03
12933,2024,CONCACAF.W.CHAMPIONS_CUP,22420,393265,0,0,0,0,0,0,0,0,0,0,0,0,0,0,0,2024-10-21 05:10:02
12933,2024,CONCACAF.W.CHAMPIONS_CUP,22421,393266,3,0,0,0,2,0,0,0,0,0,0,0,0,0,22,2024-10-21 05:10:03
12933,2024,CONCACAF.W.CHAMPIONS_CUP,22421,393267,4,0,0,0,0,0,0,0,0,0,0,0,0,0,22,2024-10-21 05:10:03
12933,2024,CONCACAF.W.CHAMPIONS_CUP,22420,393269,0,0,0,0,0,0,0,0,0,0,0,0,0,0,0,2024-10-21 05:10:02
12933,2024,CONCACAF.W.CHAMPIONS_CUP,22421,393271,1,1,0,0,0,0,0,0,0,0,0,0,0,0,5,2024-10-21 05:10:03
12933,2024,CONCACAF.W.CHAMPIONS_CUP,22420,393272,0,0,0,0,0,0,0,0,0,0,0,0,0,0,0,2024-10-21 05:10:02
12933,2024,CONCACAF.W.CHAMPIONS_CUP,22421,393273,0,0,0,0,0,0,0,0,0,0,0,0,0,0,0,2024-10-21 05:10:03
12933,2024,CONCACAF.W.CHAMPIONS_CUP,22421,393275,1,1,0,0,0,0,0,0,0,0,0,0,0,0,0,2024-10-21 05:10:03
12933,2024,CONCACAF.W.CHAMPIONS_CUP,22421,393276,4,4,0,0,0,0,0,0,0,0,0,0,0,0,11,2024-10-21 05:10:03
12933,2024,CONCACAF.W.CHAMPIONS_CUP,22421,393277,4,0,0,0,1,0,0,0,0,0,0,0,0,0,24,2024-10-21 05:10:03
12933,2024,CONCACAF.W.CHAMPIONS_CUP,22421,393278,1,0,0,0,0,0,0,0,0,0,0,0,0,0,5,2024-10-21 05:10:03
12933,2024,CONCACAF.W.CHAMPIONS_CUP,22421,393279,2,1,0,0,0,0,0,0,0,0,0,0,0,0,14,2024-10-21 05:10:03
12933,2024,CONCACAF.W.CHAMPIONS_CUP,22421,393281,1,1,0,0,0,0,0,0,0,0,0,0,0,0,7,2024-10-21 05:10:03
12933,2024,CONCACAF.W.CHAMPIONS_CUP,22422,393282,1,0,0,0,0,0,0,0,0,0,0,0,0,0,2,2024-10-21 05:10:05
12933,2024,CONCACAF.W.CHAMPIONS_CUP,22422,393283,0,0,0,0,0,0,0,0,0,0,0,0,0,0,0,2024-10-21 05:10:05
12933,2024,CONCACAF.W.CHAMPIONS_CUP,22422,393284,4,2,0,0,0,0,0,0,0,0,0,0,0,0,8,2024-10-21 05:10:05
12933,2024,CONCACAF.W.CHAMPIONS_CUP,22421,393285,4,0,0,0,1,0,1,0,0,1,1,0,0,0,29,2024-10-21 05:10:03
12933,2024,CONCACAF.W.CHAMPIONS_CUP,22421,393286,4,2,0,0,0,0,0,0,0,0,0,0,0,0,6,2024-10-21 05:10:03
12933,2024,CONCACAF.W.CHAMPIONS_CUP,22419,393287,0,0,0,0,0,0,0,0,0,0,0,0,0,0,0,2024-10-21 05:10:06
12933,2024,CONCACAF.W.CHAMPIONS_CUP,22419,393288,1,1,0,0,0,0,0,0,0,0,0,0,0,0,0,2024-10-21 05:10:06
12933,2024,CONCACAF.W.CHAMPIONS_CUP,22419,393289,1,1,0,0,0,0,0,0,0,0,0,0,0,0,1,2024-10-21 05:10:06
12933,2024,CONCACAF.W.CHAMPIONS_CUP,22419,393290,3,2,0,0,0,0,0,0,0,0,0,0,0,0,4,2024-10-21 05:10:06
12933,2024,CONCACAF.W.CHAMPIONS_CUP,22421,393291,1,0,0,0,0,0,0,0,0,0,0,0,0,0,2,2024-10-21 05:10:03
12933,2024,CONCACAF.W.CHAMPIONS_CUP,22421,393292,2,0,0,0,0,0,0,0,0,0,0,0,0,0,13,2024-10-21 05:10:03
12933,2024,CONCACAF.W.CHAMPIONS_CUP,22421,393293,2,2,0,0,0,0,0,0,0,0,0,0,0,0,6,2024-10-21 05:10:03
12933,2024,CONCACAF.W.CHAMPIONS_CUP,22421,393294,0,0,0,0,0,0,0,0,0,0,0,0,0,0,0,2024-10-21 05:10:03
12933,2024,CONCACAF.W.CHAMPIONS_CUP,22419,393295,1,1,0,0,0,0,0,0,0,0,0,0,0,0,0,2024-10-21 05:10:06
12933,2024,CONCACAF.W.CHAMPIONS_CUP,22419,394240,0,0,0,0,0,0,0,0,0,0,0,0,0,0,0,2024-10-21 05:10:06
